type,reference,source_json,details
excluded_missing_reference,,PHOTO-2026-06-08-15-47-01 3.json,ligne 71
excluded_missing_reference,,PHOTO-2026-06-08-15-47-02 6.json,ligne 82
excluded_missing_reference,,PHOTO-2026-06-08-15-47-03 3.json,ligne 86
excluded_missing_reference,,PHOTO-2026-06-08-15-47-04 5.json,ligne 91
excluded_missing_reference,,PHOTO-2026-06-08-15-47-05.json,ligne 98
excluded_missing_reference,,PHOTO-2026-06-08-15-47-06 4.json,ligne 102
excluded_missing_reference,,PHOTO-2026-06-08-15-47-08 2.json,ligne 109
excluded_missing_reference,,PHOTO-2026-06-08-15-47-08.json,ligne 113
excluded_missing_reference,,PHOTO-2026-06-08-15-47-08.json,ligne 114
excluded_missing_reference,,PHOTO-2026-06-08-15-47-08.json,ligne 115
excluded_missing_reference,,PHOTO-2026-06-08-15-47-08.json,ligne 116
excluded_missing_reference,,PHOTO-2026-06-08-15-47-08.json,ligne 117
excluded_missing_reference,,PHOTO-2026-06-08-15-47-08.json,ligne 118
excluded_missing_reference,,PHOTO-2026-06-08-15-47-09 4.json,ligne 124
excluded_missing_reference,,PHOTO-2026-06-08-15-49-04 4.json,ligne 165
excluded_missing_reference,,PHOTO-2026-06-08-15-49-04 4.json,ligne 166
excluded_missing_reference,,PHOTO-2026-06-08-15-49-04 4.json,ligne 167
excluded_missing_reference,,PHOTO-2026-06-08-15-49-04 4.json,ligne 168
excluded_missing_reference,,PHOTO-2026-06-08-15-49-06.json,ligne 184
excluded_missing_reference,,PHOTO-2026-06-08-15-49-08.json,ligne 193
excluded_missing_reference,,PHOTO-2026-06-08-15-49-08.json,ligne 194
excluded_missing_reference,,PHOTO-2026-06-08-15-49-12 4.json,ligne 214
excluded_missing_reference,,PHOTO-2026-06-08-15-49-12.json,ligne 215
excluded_missing_reference,,PHOTO-2026-06-08-15-49-12.json,ligne 216
excluded_missing_reference,,PHOTO-2026-06-08-15-49-15 2.json,ligne 227
excluded_missing_reference,,PHOTO-2026-06-08-15-49-17 2.json,ligne 241
excluded_missing_reference,,PHOTO-2026-06-08-15-49-17 4.json,ligne 244
excluded_missing_reference,,PHOTO-2026-06-08-15-49-17 6.json,ligne 247
excluded_missing_reference,,PHOTO-2026-06-08-15-49-17 6.json,ligne 248
excluded_missing_reference,,PHOTO-2026-06-08-15-50-58.json,ligne 267
excluded_missing_reference,,PHOTO-2026-06-08-15-51-05.json,ligne 301
excluded_missing_reference,,PHOTO-2026-06-08-16-18-46 6.json,ligne 336
excluded_missing_reference,,PHOTO-2026-06-08-16-18-46 6.json,ligne 337
excluded_missing_reference,,PHOTO-2026-06-08-16-18-46 6.json,ligne 338
excluded_missing_reference,,PHOTO-2026-06-08-16-18-46 6.json,ligne 339
excluded_missing_reference,,PHOTO-2026-06-08-16-18-46 7.json,ligne 340
excluded_missing_reference,,PHOTO-2026-06-08-16-18-49.json,ligne 376
excluded_missing_reference,,PHOTO-2026-06-08-16-18-50 3.json,ligne 379
excluded_missing_reference,,PHOTO-2026-06-08-16-18-50 3.json,ligne 380
excluded_missing_reference,,PHOTO-2026-06-08-16-22-56 4.json,ligne 386
excluded_missing_reference,,PHOTO-2026-06-08-16-22-56 4.json,ligne 387
excluded_missing_reference,,PHOTO-2026-06-08-16-23-00 2.json,ligne 402
excluded_missing_reference,,PHOTO-2026-06-08-16-23-00 5.json,ligne 409
excluded_missing_reference,,PHOTO-2026-06-08-16-23-02 2.json,ligne 422
excluded_missing_reference,,PHOTO-2026-06-08-16-23-02 2.json,ligne 423
excluded_missing_reference,,PHOTO-2026-06-08-16-23-03 3.json,ligne 433
excluded_missing_reference,,PHOTO-2026-06-08-16-23-03 3.json,ligne 434
excluded_missing_reference,,PHOTO-2026-06-08-16-23-03 3.json,ligne 435
excluded_missing_reference,,PHOTO-2026-06-08-16-23-03 3.json,ligne 436
excluded_missing_reference,,PHOTO-2026-06-08-16-23-03 4.json,ligne 438
excluded_missing_reference,,PHOTO-2026-06-08-16-23-06 2.json,ligne 448
excluded_missing_reference,,PHOTO-2026-06-08-16-23-06 3.json,ligne 450
excluded_missing_reference,,PHOTO-2026-06-08-16-23-06 3.json,ligne 451
excluded_missing_reference,,PHOTO-2026-06-08-16-23-07 3.json,ligne 458
excluded_missing_reference,,PHOTO-2026-06-08-16-23-07 3.json,ligne 459
excluded_missing_reference,,PHOTO-2026-06-08-16-23-07 3.json,ligne 460
excluded_missing_reference,,PHOTO-2026-06-08-16-23-07 3.json,ligne 461
excluded_missing_reference,,PHOTO-2026-06-08-16-23-07 6.json,ligne 468
excluded_missing_reference,,PHOTO-2026-06-08-16-23-07 6.json,ligne 469
excluded_missing_reference,,PHOTO-2026-06-08-16-23-07 6.json,ligne 470
excluded_missing_reference,,PHOTO-2026-06-08-16-23-08 2.json,ligne 473
excluded_missing_reference,,PHOTO-2026-06-08-16-23-08 2.json,ligne 474
excluded_missing_reference,,PHOTO-2026-06-08-16-25-47 2.json,ligne 496
excluded_missing_reference,,PHOTO-2026-06-08-16-25-47 2.json,ligne 497
excluded_missing_reference,,PHOTO-2026-06-08-16-25-47 3.json,ligne 499
excluded_missing_reference,,PHOTO-2026-06-08-16-25-48 2.json,ligne 503
excluded_missing_reference,,PHOTO-2026-06-08-16-25-48 2.json,ligne 504
excluded_missing_reference,,PHOTO-2026-06-08-16-25-48 3.json,ligne 506
excluded_missing_reference,,PHOTO-2026-06-08-16-25-48 3.json,ligne 507
excluded_missing_reference,,PHOTO-2026-06-08-16-25-49 2.json,ligne 515
excluded_missing_reference,,PHOTO-2026-06-08-16-25-49 2.json,ligne 516
excluded_missing_reference,,PHOTO-2026-06-08-16-25-49 3.json,ligne 518
excluded_missing_reference,,PHOTO-2026-06-08-16-25-49 3.json,ligne 519
excluded_missing_reference,,PHOTO-2026-06-08-16-25-50.json,ligne 526
excluded_missing_reference,,PHOTO-2026-06-08-16-25-51 5.json,ligne 531
excluded_missing_reference,,PHOTO-2026-06-08-16-32-55 4.json,ligne 577
excluded_missing_reference,,PHOTO-2026-06-08-16-32-56 4.json,ligne 585
excluded_missing_reference,,PHOTO-2026-06-08-16-32-57 2.json,ligne 589
excluded_missing_reference,,PHOTO-2026-06-08-16-32-57 2.json,ligne 590
excluded_missing_reference,,PHOTO-2026-06-08-16-32-57 4.json,ligne 593
excluded_missing_reference,,PHOTO-2026-06-08-16-32-58 2.json,ligne 598
excluded_missing_reference,,PHOTO-2026-06-08-16-32-58 2.json,ligne 599
excluded_missing_reference,,PHOTO-2026-06-08-16-32-59 5.json,ligne 609
excluded_missing_reference,,PHOTO-2026-06-08-16-33-04 2.json,ligne 632
excluded_missing_reference,,PHOTO-2026-06-08-16-33-06.json,ligne 647
excluded_missing_reference,,PHOTO-2026-06-08-16-33-06.json,ligne 648
excluded_missing_reference,,PHOTO-2026-06-08-16-33-09 4.json,ligne 659
excluded_missing_reference,,PHOTO-2026-06-08-16-33-13 7.json,ligne 680
excluded_missing_reference,,PHOTO-2026-06-08-16-33-13 7.json,ligne 681
excluded_missing_reference,,PHOTO-2026-06-08-16-40-36 4.json,ligne 703
excluded_missing_reference,,PHOTO-2026-06-08-16-40-37 4.json,ligne 709
excluded_missing_reference,,PHOTO-2026-06-08-16-40-38.json,ligne 716
excluded_missing_reference,,PHOTO-2026-06-08-16-40-46 2.json,ligne 753
excluded_missing_reference,,PHOTO-2026-06-08-16-40-46 7.json,ligne 760
excluded_missing_reference,,PHOTO-2026-06-08-16-40-49 3.json,ligne 781
excluded_missing_reference,,PHOTO-2026-06-08-16-40-49 3.json,ligne 782
excluded_missing_reference,,PHOTO-2026-06-08-16-40-50 2.json,ligne 787
excluded_missing_reference,,PHOTO-2026-06-08-16-40-50 2.json,ligne 788
excluded_missing_reference,,PHOTO-2026-06-08-16-40-51 2.json,ligne 791
excluded_missing_reference,,PHOTO-2026-06-08-16-40-51.json,ligne 800
excluded_missing_reference,,PHOTO-2026-06-08-16-40-51.json,ligne 801
excluded_missing_reference,,PHOTO-2026-06-08-16-40-51.json,ligne 802
excluded_missing_reference,,PHOTO-2026-06-08-16-41-18 2.json,ligne 831
excluded_missing_reference,,PHOTO-2026-06-08-16-41-19 2.json,ligne 835
excluded_missing_reference,,PHOTO-2026-06-08-16-41-19 3.json,ligne 836
excluded_missing_reference,,PHOTO-2026-06-08-16-46-51 3.json,ligne 849
excluded_missing_reference,,PHOTO-2026-06-08-16-46-52.json,ligne 856
excluded_missing_reference,,PHOTO-2026-06-08-16-46-52.json,ligne 857
excluded_missing_reference,,PHOTO-2026-06-08-16-46-59 2.json,ligne 892
excluded_missing_reference,,PHOTO-2026-06-08-16-46-59 4.json,ligne 900
excluded_missing_reference,,PHOTO-2026-06-08-16-46-59 4.json,ligne 901
excluded_missing_reference,,PHOTO-2026-06-08-16-46-59 4.json,ligne 902
excluded_missing_reference,,PHOTO-2026-06-08-16-46-59.json,ligne 906
excluded_missing_reference,,PHOTO-2026-06-08-16-47-00 4.json,ligne 911
excluded_missing_reference,,PHOTO-2026-06-08-16-47-02 2.json,ligne 915
excluded_missing_reference,,PHOTO-2026-06-08-16-47-02 4.json,ligne 918
excluded_missing_reference,,PHOTO-2026-06-08-16-47-02 7.json,ligne 921
excluded_missing_reference,,PHOTO-2026-06-08-16-47-04 7.json,ligne 929
excluded_missing_reference,,PHOTO-2026-06-08-16-49-08 3.json,ligne 964
excluded_missing_reference,,PHOTO-2026-06-08-16-49-08 3.json,ligne 965
excluded_missing_reference,,PHOTO-2026-06-08-16-49-08 4.json,ligne 967
excluded_missing_reference,,PHOTO-2026-06-08-16-49-09 3.json,ligne 972
excluded_missing_reference,,PHOTO-2026-06-08-16-49-09 3.json,ligne 973
excluded_missing_reference,,PHOTO-2026-06-08-16-49-09 6.json,ligne 977
excluded_missing_reference,,PHOTO-2026-06-08-16-49-09 6.json,ligne 978
excluded_missing_reference,,PHOTO-2026-06-08-16-49-11 6.json,ligne 986
excluded_missing_reference,,PHOTO-2026-06-08-16-49-17 3.json,ligne 1010
excluded_missing_reference,,PHOTO-2026-06-08-16-49-17 3.json,ligne 1011
excluded_missing_reference,,PHOTO-2026-06-08-16-49-17 4.json,ligne 1013
excluded_missing_reference,,PHOTO-2026-06-08-16-49-17 4.json,ligne 1014
excluded_missing_reference,,PHOTO-2026-06-08-16-49-17 4.json,ligne 1015
excluded_missing_reference,,PHOTO-2026-06-08-16-49-24 4.json,ligne 1045
excluded_missing_reference,,PHOTO-2026-06-08-16-49-26 3.json,ligne 1059
excluded_missing_reference,,PHOTO-2026-06-08-16-49-26 3.json,ligne 1060
excluded_missing_reference,,PHOTO-2026-06-08-16-49-26 4.json,ligne 1062
excluded_missing_reference,,PHOTO-2026-06-08-16-49-26 6.json,ligne 1065
excluded_missing_reference,,PHOTO-2026-06-08-16-49-26 7.json,ligne 1067
excluded_missing_reference,,PHOTO-2026-06-08-16-49-26.json,ligne 1069
excluded_missing_reference,,PHOTO-2026-06-08-16-49-26.json,ligne 1070
excluded_missing_reference,,PHOTO-2026-06-08-16-49-26.json,ligne 1071
excluded_missing_reference,,PHOTO-2026-06-08-16-52-54.json,ligne 1094
excluded_missing_reference,,PHOTO-2026-06-08-16-52-58 3.json,ligne 1117
excluded_missing_reference,,PHOTO-2026-06-08-16-53-03 6.json,ligne 1143
excluded_missing_reference,,PHOTO-2026-06-08-16-53-05 3.json,ligne 1158
excluded_missing_reference,,PHOTO-2026-06-08-16-53-05 4.json,ligne 1161
excluded_missing_reference,,PHOTO-2026-06-08-16-55-31 6.json,ligne 1177
excluded_missing_reference,,PHOTO-2026-06-08-16-55-31.json,ligne 1179
excluded_missing_reference,,PHOTO-2026-06-08-16-55-35 2.json,ligne 1195
excluded_missing_reference,,PHOTO-2026-06-08-16-55-39 2.json,ligne 1204
excluded_missing_reference,,PHOTO-2026-06-08-16-55-39 5.json,ligne 1209
excluded_missing_reference,,PHOTO-2026-06-08-16-55-39.json,ligne 1211
excluded_missing_reference,,PHOTO-2026-06-08-16-55-40 3.json,ligne 1214
excluded_missing_reference,,PHOTO-2026-06-08-16-55-40 5.json,ligne 1216
excluded_missing_reference,,PHOTO-2026-06-08-16-55-40 6.json,ligne 1218
excluded_missing_reference,,PHOTO-2026-06-08-16-55-42 5.json,ligne 1235
excluded_missing_reference,,PHOTO-2026-06-08-16-55-43 6.json,ligne 1245
excluded_missing_reference,,PHOTO-2026-06-08-16-55-44 6.json,ligne 1253
excluded_missing_reference,,PHOTO-2026-06-08-16-55-44 7.json,ligne 1255
excluded_missing_reference,,PHOTO-2026-06-08-16-55-45 2.json,ligne 1259
excluded_missing_reference,,PHOTO-2026-06-08-16-55-45 2.json,ligne 1260
excluded_missing_reference,,PHOTO-2026-06-08-16-55-45 3.json,ligne 1262
excluded_missing_reference,,PHOTO-2026-06-08-16-55-45 3.json,ligne 1263
excluded_missing_reference,,PHOTO-2026-06-08-17-10-50.json,ligne 1290
excluded_missing_reference,,PHOTO-2026-06-08-17-10-52 4.json,ligne 1301
excluded_missing_reference,,PHOTO-2026-06-08-17-10-52 4.json,ligne 1302
excluded_missing_reference,,PHOTO-2026-06-08-17-10-52 4.json,ligne 1303
merged_duplicate_reference,5018,PHOTO-2026-06-08-15-42-16 2.json | PHOTO-2026-06-08-15-42-19 4.json,"3 lignes; prix=['1250.0', '5500.0']; images=8"
merged_duplicate_reference,7301,PHOTO-2026-06-08-15-42-16.json | PHOTO-2026-06-08-16-40-48 4.json,"3 lignes; prix=['15.0', '8500.0']; images=9"
merged_duplicate_reference,7302,PHOTO-2026-06-08-15-42-17 4.json | PHOTO-2026-06-08-15-42-17.json | PHOTO-2026-06-08-16-22-59 2.json,"8 lignes; prix=['1100.0', '15.0', '1700.0', '2300.0', '750.0', '8500.0']; images=12"
merged_duplicate_reference,9028/40,PHOTO-2026-06-08-15-42-18 2.json,"2 lignes; prix=['480.0', '580.0']; images=4"
merged_duplicate_reference,95407,PHOTO-2026-06-08-15-42-18 4.json,"3 lignes; prix=['1180.0', '1580.0', '950.0']; images=4"
merged_duplicate_reference,7036,PHOTO-2026-06-08-15-42-18 6.json,"4 lignes; prix=['1300.0', '1600.0', '1700.0', '580.0']; images=4"
merged_duplicate_reference,7006,PHOTO-2026-06-08-15-42-18.json,"3 lignes; prix=['1050.0', '1280.0', '1350.0']; images=4"
merged_duplicate_reference,5012,PHOTO-2026-06-08-15-42-19 2.json,"4 lignes; prix=['1350.0', '1800.0', '480.0', '850.0']; images=4"
merged_duplicate_reference,6089,PHOTO-2026-06-08-15-42-19 5.json,2 lignes; prix=['1250.0']; images=4
merged_duplicate_reference,6126,PHOTO-2026-06-08-15-42-19 6.json | PHOTO-2026-06-08-15-42-19 7.json,"3 lignes; prix=['1350.0', '850.0']; images=8"
merged_duplicate_reference,9841,PHOTO-2026-06-08-15-42-19.json,2 lignes; prix=['1450.0']; images=4
merged_duplicate_reference,Y097/5,PHOTO-2026-06-08-15-47-01 2.json | PHOTO-2026-06-08-15-47-02 6.json,2 lignes; prix=['580.0']; images=8
merged_duplicate_reference,Y090/5,PHOTO-2026-06-08-15-47-01 4.json | PHOTO-2026-06-08-15-47-03.json,2 lignes; prix=['480.0']; images=8
missing_price_imported_inactive,L012/6,PHOTO-2026-06-08-15-47-02 2.json,"price=0, is_available_on_site=false"
merged_duplicate_reference,Y001/6,PHOTO-2026-06-08-15-47-02 5.json,2 lignes; prix=['580.0']; images=4
merged_duplicate_reference,194,PHOTO-2026-06-08-15-47-04.json,4 lignes; prix=['48.0']; images=4
merged_duplicate_reference,L004,PHOTO-2026-06-08-15-47-07 3.json,2 lignes; prix=['2800.0']; images=4
merged_duplicate_reference,L028/6,PHOTO-2026-06-08-15-47-08 3.json,2 lignes; prix=['1100.0']; images=0
merged_duplicate_reference,L007/6,PHOTO-2026-06-08-15-47-09 2.json,2 lignes; prix=['1100.0']; images=4
merged_duplicate_reference,L006/12,PHOTO-2026-06-08-15-47-09 3.json | PHOTO-2026-06-08-15-47-09 4.json,3 lignes; prix=['2300.0']; images=8
merged_duplicate_reference,L012/13,PHOTO-2026-06-08-15-47-10 4.json,2 lignes; prix=['1700.0']; images=4
merged_duplicate_reference,6605,PHOTO-2026-06-08-15-47-10 5.json,"2 lignes; prix=['1950.0', '2950.0']; images=4"
merged_duplicate_reference,6036,PHOTO-2026-06-08-15-47-10 7.json,2 lignes; prix=['580.0']; images=4
missing_price_imported_inactive,MX 25-16,PHOTO-2026-06-08-15-47-10.json,"price=0, is_available_on_site=false"
merged_duplicate_reference,4026,PHOTO-2026-06-08-15-47-11 3.json,5 lignes; prix=['14.5']; images=0
merged_duplicate_reference,B 994,PHOTO-2026-06-08-15-49-00 2.json | PHOTO-2026-06-08-15-49-06.json,2 lignes; prix=['1200.0']; images=8
missing_price_imported_inactive,11813/1 bk,PHOTO-2026-06-08-15-49-00 4.json,"price=0, is_available_on_site=false"
merged_duplicate_reference,12375,PHOTO-2026-06-08-15-49-00.json | PHOTO-2026-06-08-15-49-16 7.json,2 lignes; prix=['285.0']; images=8
merged_duplicate_reference,0145,PHOTO-2026-06-08-15-49-01 2.json | PHOTO-2026-06-08-15-49-03 2.json,2 lignes; prix=['285.0']; images=12
merged_duplicate_reference,81602,PHOTO-2026-06-08-15-49-01 4.json,2 lignes; prix=['550.0']; images=4
merged_duplicate_reference,0231,PHOTO-2026-06-08-15-49-01 5.json | PHOTO-2026-06-08-15-49-04.json,2 lignes; prix=['285.0']; images=12
merged_duplicate_reference,d 9901,PHOTO-2026-06-08-15-49-01.json | PHOTO-2026-06-08-15-49-12 2.json,2 lignes; prix=['4.8']; images=0
merged_duplicate_reference,12373,PHOTO-2026-06-08-15-49-02.json | PHOTO-2026-06-08-15-49-09 4.json,2 lignes; prix=['285.0']; images=8
merged_duplicate_reference,9548,PHOTO-2026-06-08-15-49-03.json,"2 lignes; prix=['1100.0', '780.0']; images=8"
missing_price_imported_inactive,9010,PHOTO-2026-06-08-15-49-04 2.json,"price=0, is_available_on_site=false"
merged_duplicate_reference,55161,PHOTO-2026-06-08-15-49-04 5.json | PHOTO-2026-06-08-15-49-14 4.json | PHOTO-2026-06-08-15-49-16 2.json,"3 lignes; prix=['1200.0', '1450.0', '850.0']; images=12"
merged_duplicate_reference,5002,PHOTO-2026-06-08-15-49-05 2.json | PHOTO-2026-06-08-15-50-57 3.json | PHOTO-2026-06-08-15-51-07 7.json,"3 lignes; prix=['480.0', '650.0']; images=9"
missing_price_imported_inactive,D 9710/3,PHOTO-2026-06-08-15-49-05 3.json,"price=0, is_available_on_site=false"
missing_price_imported_inactive,12209,PHOTO-2026-06-08-15-49-05.json,"price=0, is_available_on_site=false"
merged_duplicate_reference,12065,PHOTO-2026-06-08-15-49-06 2.json,3 lignes; prix=['480.0']; images=4
merged_duplicate_reference,12197,PHOTO-2026-06-08-15-49-06 3.json,3 lignes; prix=['450.0']; images=4
merged_duplicate_reference,3013,PHOTO-2026-06-08-15-49-07 2.json | PHOTO-2026-06-08-15-49-12 3.json,3 lignes; prix=['450.0']; images=8
merged_duplicate_reference,12391,PHOTO-2026-06-08-15-49-07 4.json | PHOTO-2026-06-08-15-49-15 3.json,2 lignes; prix=['550.0']; images=8
merged_duplicate_reference,12063/3 LED,PHOTO-2026-06-08-15-49-09.json,2 lignes; prix=['120.63']; images=4
merged_duplicate_reference,3381/40,PHOTO-2026-06-08-15-49-10 2.json,2 lignes; prix=['850.0']; images=4
merged_duplicate_reference,95540,PHOTO-2026-06-08-15-49-10 3.json,"2 lignes; prix=['1100.0', '780.0']; images=4"
merged_duplicate_reference,6689,PHOTO-2026-06-08-15-49-10 4.json,"2 lignes; prix=['1950.0', '2600.0']; images=4"
missing_price_imported_inactive,D9688,PHOTO-2026-06-08-15-49-10.json,"price=0, is_available_on_site=false"
missing_price_imported_inactive,1701,PHOTO-2026-06-08-15-49-11 4.json,"price=0, is_available_on_site=false"
merged_duplicate_reference,5005,PHOTO-2026-06-08-15-49-11.json,2 lignes; prix=['5.5']; images=4
merged_duplicate_reference,D9806/6+4,PHOTO-2026-06-08-15-49-13 2.json,2 lignes; prix=['580.0']; images=4
merged_duplicate_reference,D9865/6L,PHOTO-2026-06-08-15-49-14.json,2 lignes; prix=['580.0']; images=4
merged_duplicate_reference,2039/8,PHOTO-2026-06-08-15-49-16 4.json,2 lignes; prix=['1350.0']; images=4
merged_duplicate_reference,3381,PHOTO-2026-06-08-15-49-16 6.json,"2 lignes; prix=['1200.0', '1450.0']; images=4"
missing_price_imported_inactive,12375 LED,PHOTO-2026-06-08-15-49-16 7.json,"price=0, is_available_on_site=false"
merged_duplicate_reference,5006,PHOTO-2026-06-08-15-49-17 5.json,2 lignes; prix=['550.0']; images=4
merged_duplicate_reference,12196,PHOTO-2026-06-08-15-49-17 7.json,2 lignes; prix=['450.0']; images=4
merged_duplicate_reference,31502,PHOTO-2026-06-08-15-49-17.json,2 lignes; prix=['580.0']; images=4
merged_duplicate_reference,1011,PHOTO-2026-06-08-15-49-18 3.json,"2 lignes; prix=['1100.0', '1600.0']; images=4"
missing_price_imported_inactive,95488/4 Bd,PHOTO-2026-06-08-15-49-18.json,"price=0, is_available_on_site=false"
merged_duplicate_reference,9824,PHOTO-2026-06-08-15-50-56 2.json | PHOTO-2026-06-08-15-51-02 3.json,2 lignes; prix=['285.0']; images=8
merged_duplicate_reference,9820,PHOTO-2026-06-08-15-50-56.json | PHOTO-2026-06-08-15-51-03 3.json,2 lignes; prix=['295.0']; images=8
merged_duplicate_reference,T 2688,PHOTO-2026-06-08-15-50-57 2.json | PHOTO-2026-06-08-15-50-57.json,2 lignes; prix=['320.0']; images=9
merged_duplicate_reference,868 usb,PHOTO-2026-06-08-15-50-57 4.json | PHOTO-2026-06-08-15-50-57 6.json,"2 lignes; prix=['0.195', '195.0']; images=8"
missing_price_imported_inactive,589 B,PHOTO-2026-06-08-15-50-58 2.json,"price=0, is_available_on_site=false"
merged_duplicate_reference,2233,PHOTO-2026-06-08-15-50-59 2.json | PHOTO-2026-06-08-15-50-59 3.json | PHOTO-2026-06-08-15-50-59 4.json,3 lignes; prix=['160.0']; images=12
merged_duplicate_reference,T 2203,PHOTO-2026-06-08-15-51-00 2.json | PHOTO-2026-06-08-15-51-00 3.json,2 lignes; prix=['320.0']; images=8
merged_duplicate_reference,L 2688,PHOTO-2026-06-08-15-51-00 7.json | PHOTO-2026-06-08-15-51-01.json,2 lignes; prix=['650.0']; images=8
merged_duplicate_reference,L2203,PHOTO-2026-06-08-15-51-02 2.json | PHOTO-2026-06-08-15-51-02.json,2 lignes; prix=['650.0']; images=8
merged_duplicate_reference,6118,PHOTO-2026-06-08-15-51-02 4.json | PHOTO-2026-06-08-15-51-02 5.json | PHOTO-2026-06-08-15-51-03 2.json | PHOTO-2026-06-08-15-51-03.json,4 lignes; prix=['750.0']; images=16
merged_duplicate_reference,9801,PHOTO-2026-06-08-15-51-04 2.json | PHOTO-2026-06-08-15-51-04 3.json | PHOTO-2026-06-08-15-51-05.json,"4 lignes; prix=['32.0', '320.0']; images=12"
merged_duplicate_reference,A1007,PHOTO-2026-06-08-15-51-05 2.json,2 lignes; prix=['295.0']; images=4
missing_price_imported_inactive,RT 9272 -C,PHOTO-2026-06-08-15-51-07 2.json,"price=0, is_available_on_site=false"
merged_duplicate_reference,B 8016,PHOTO-2026-06-08-15-51-08 4.json | PHOTO-2026-06-08-15-51-08 5.json,2 lignes; prix=['285.0']; images=8
merged_duplicate_reference,5880,PHOTO-2026-06-08-16-18-45 2.json | PHOTO-2026-06-08-16-49-07 3.json,"2 lignes; prix=['120.0', '145.0']; images=4"
merged_duplicate_reference,5879,PHOTO-2026-06-08-16-18-45 3.json | PHOTO-2026-06-08-16-49-07.json,"2 lignes; prix=['130.0', '145.0']; images=0"
merged_duplicate_reference,2450/3-1-2-3,PHOTO-2026-06-08-16-18-46 2.json | PHOTO-2026-06-08-16-40-47.json,"2 lignes; prix=['210.0', '280.0']; images=0"
merged_duplicate_reference,2447/3-1-2-3,PHOTO-2026-06-08-16-18-46 3.json | PHOTO-2026-06-08-16-40-47 3.json,"6 lignes; prix=['210.0', '260.0']; images=4"
merged_duplicate_reference,2455/3-1-2-3,PHOTO-2026-06-08-16-18-46 4.json | PHOTO-2026-06-08-16-40-47 2.json,"2 lignes; prix=['260.0', '280.0']; images=0"
merged_duplicate_reference,2458,PHOTO-2026-06-08-16-18-46 5.json | PHOTO-2026-06-08-16-40-46 7.json,"4 lignes; prix=['230.0', '28.0']; images=4"
merged_duplicate_reference,2453,PHOTO-2026-06-08-16-18-46 6.json | PHOTO-2026-06-08-16-40-46 3.json,"2 lignes; prix=['320.0', '350.0']; images=4"
merged_duplicate_reference,2466,PHOTO-2026-06-08-16-18-47 2.json | PHOTO-2026-06-08-16-18-47.json | PHOTO-2026-06-08-16-33-01 2.json | PHOTO-2026-06-08-16-33-01 3.json,"4 lignes; prix=['245.0', '320.0']; images=10"
merged_duplicate_reference,2586,PHOTO-2026-06-08-16-18-47 3.json,2 lignes; prix=['180.0']; images=4
merged_duplicate_reference,2684,PHOTO-2026-06-08-16-18-47 4.json | PHOTO-2026-06-08-16-49-07 4.json,"2 lignes; prix=['125.0', '160.0']; images=4"
merged_duplicate_reference,2685,PHOTO-2026-06-08-16-18-47 5.json | PHOTO-2026-06-08-16-18-47 6.json,2 lignes; prix=['190.0']; images=8
missing_price_imported_inactive,2686,PHOTO-2026-06-08-16-18-47 7.json,"price=0, is_available_on_site=false"
merged_duplicate_reference,2689,PHOTO-2026-06-08-16-18-47 9.json,"2 lignes; prix=['145.0', '65.0']; images=4"
merged_duplicate_reference,2751,PHOTO-2026-06-08-16-18-48 2.json | PHOTO-2026-06-08-16-40-37 5.json,2 lignes; prix=['75.0']; images=5
merged_duplicate_reference,2864,PHOTO-2026-06-08-16-18-48 3.json | PHOTO-2026-06-08-16-22-57 5.json,"2 lignes; prix=['110.0', '130.0']; images=8"
merged_duplicate_reference,2866,PHOTO-2026-06-08-16-18-48 4.json | PHOTO-2026-06-08-16-22-57 3.json,"2 lignes; prix=['160.0', '28.66']; images=8"
merged_duplicate_reference,2740,PHOTO-2026-06-08-16-18-48 5.json | PHOTO-2026-06-08-16-40-37 2.json,"2 lignes; prix=['105.0', '145.0']; images=1"
merged_duplicate_reference,2817/3-1-2-3,PHOTO-2026-06-08-16-18-48 6.json | PHOTO-2026-06-08-16-18-50 2.json | PHOTO-2026-06-08-16-33-05 4.json | PHOTO-2026-06-08-16-33-06.json,"4 lignes; prix=['220.0', '280.0']; images=4"
merged_duplicate_reference,2744,PHOTO-2026-06-08-16-18-48 8.json | PHOTO-2026-06-08-16-40-41 3.json,"2 lignes; prix=['30.0', '40.0']; images=4"
merged_duplicate_reference,2749,PHOTO-2026-06-08-16-18-49 2.json | PHOTO-2026-06-08-16-40-41 5.json | PHOTO-2026-06-08-16-41-20 5.json,"3 lignes; prix=['420.0', '45.0', '55.0']; images=2"
merged_duplicate_reference,2747,PHOTO-2026-06-08-16-18-49 2.json | PHOTO-2026-06-08-16-40-41 6.json | PHOTO-2026-06-08-16-41-20 8.json,"3 lignes; prix=['295.0', '45.0', '55.0']; images=5"
merged_duplicate_reference,2748,PHOTO-2026-06-08-16-18-49 2.json | PHOTO-2026-06-08-16-40-41.json | PHOTO-2026-06-08-16-41-20 4.json,"3 lignes; prix=['0.23', '55.0']; images=5"
merged_duplicate_reference,2746,PHOTO-2026-06-08-16-18-49 3.json | PHOTO-2026-06-08-16-40-41 4.json,2 lignes; prix=['65.0']; images=4
merged_duplicate_reference,2825/3-1-2-3,PHOTO-2026-06-08-16-18-49 4.json | PHOTO-2026-06-08-16-18-49 5.json | PHOTO-2026-06-08-16-33-02 3.json | PHOTO-2026-06-08-16-33-04 3.json | PHOTO-2026-06-08-16-33-05.json,"7 lignes; prix=['220.0', '280.0']; images=10"
merged_duplicate_reference,2825,PHOTO-2026-06-08-16-18-49 5.json | PHOTO-2026-06-08-16-33-02 3.json,"4 lignes; prix=['220.0', '280.0']; images=0"
merged_duplicate_reference,2865,PHOTO-2026-06-08-16-18-49 6.json | PHOTO-2026-06-08-16-22-57 4.json,2 lignes; prix=['145.0']; images=4
merged_duplicate_reference,2882/3-1-2-3,PHOTO-2026-06-08-16-18-49 8.json | PHOTO-2026-06-08-16-32-58 4.json,"2 lignes; prix=['190.0', '270.0']; images=0"
merged_duplicate_reference,2745,PHOTO-2026-06-08-16-18-49.json | PHOTO-2026-06-08-16-40-41 2.json,"2 lignes; prix=['45.0', '60.0']; images=4"
merged_duplicate_reference,2822/3-1-2-3,PHOTO-2026-06-08-16-18-50 3.json | PHOTO-2026-06-08-16-33-05 3.json,"2 lignes; prix=['220.0', '280.0']; images=0"
merged_duplicate_reference,2868,PHOTO-2026-06-08-16-22-55.json | PHOTO-2026-06-08-16-23-10 2.json,"2 lignes; prix=['8.5', '85.0']; images=5"
merged_duplicate_reference,2644,PHOTO-2026-06-08-16-22-56 3.json | PHOTO-2026-06-08-16-22-56.json,"2 lignes; prix=['110.0', '130.0']; images=8"
missing_price_imported_inactive,2835,PHOTO-2026-06-08-16-22-57.json,"price=0, is_available_on_site=false"
missing_price_imported_inactive,2443,PHOTO-2026-06-08-16-22-58.json,"price=0, is_available_on_site=false"
merged_duplicate_reference,7295/96,PHOTO-2026-06-08-16-23-00 2.json | PHOTO-2026-06-08-16-23-00 3.json,3 lignes; prix=['85.0']; images=8
merged_duplicate_reference,6105,PHOTO-2026-06-08-16-23-00 4.json,2 lignes; prix=['150.0']; images=4
merged_duplicate_reference,3414,PHOTO-2026-06-08-16-23-00 5.json,2 lignes; prix=['190.0']; images=4
merged_duplicate_reference,3325/26/27,PHOTO-2026-06-08-16-23-01 3.json | PHOTO-2026-06-08-16-23-02 2.json | PHOTO-2026-06-08-16-23-02.json,5 lignes; prix=['165.0']; images=9
merged_duplicate_reference,3331/32/33,PHOTO-2026-06-08-16-23-01 4.json,2 lignes; prix=['11.0']; images=0
merged_duplicate_reference,8137,PHOTO-2026-06-08-16-23-03 2.json | PHOTO-2026-06-08-16-23-03 3.json | PHOTO-2026-06-08-16-23-03 4.json | PHOTO-2026-06-08-16-23-04.json,8 lignes; prix=['120.0']; images=3
merged_duplicate_reference,8104,PHOTO-2026-06-08-16-23-03.json | PHOTO-2026-06-08-16-23-05 3.json,"2 lignes; prix=['50.0', '85.0']; images=2"
merged_duplicate_reference,8134,PHOTO-2026-06-08-16-23-06 4.json,3 lignes; prix=['110.0']; images=1
merged_duplicate_reference,3138,PHOTO-2026-06-08-16-23-07 2.json | PHOTO-2026-06-08-16-49-18 3.json,"2 lignes; prix=['120.0', '130.0']; images=1"
merged_duplicate_reference,8141,PHOTO-2026-06-08-16-23-07 4.json,4 lignes; prix=['95.0']; images=1
merged_duplicate_reference,8143,PHOTO-2026-06-08-16-23-08.json,2 lignes; prix=['85.0']; images=1
merged_duplicate_reference,2733,PHOTO-2026-06-08-16-23-09 2.json | PHOTO-2026-06-08-16-49-10 2.json,"2 lignes; prix=['190.0', '70.0']; images=2"
merged_duplicate_reference,2730,PHOTO-2026-06-08-16-23-09 5.json | PHOTO-2026-06-08-16-49-10.json,2 lignes; prix=['110.0']; images=2
merged_duplicate_reference,2718,PHOTO-2026-06-08-16-23-09 6.json | PHOTO-2026-06-08-16-23-10.json,"2 lignes; prix=['240.0', '340.0']; images=2"
merged_duplicate_reference,2867,PHOTO-2026-06-08-16-23-10 3.json | PHOTO-2026-06-08-16-23-10 4.json,2 lignes; prix=['80.0']; images=2
missing_price_imported_inactive,2643,PHOTO-2026-06-08-16-23-10 5.json,"price=0, is_available_on_site=false"
missing_price_imported_inactive,7450/51/52,PHOTO-2026-06-08-16-25-46 2.json,"price=0, is_available_on_site=false"
missing_price_imported_inactive,7427/28/29,PHOTO-2026-06-08-16-25-47 2.json,"price=0, is_available_on_site=false"
merged_duplicate_reference,3405/06/07,PHOTO-2026-06-08-16-25-48 4.json | PHOTO-2026-06-08-16-25-49.json,2 lignes; prix=['0.0']; images=0
merged_duplicate_reference,3405,PHOTO-2026-06-08-16-25-48 5.json,3 lignes; prix=['7.5']; images=3
missing_price_imported_inactive,3102/03/04,PHOTO-2026-06-08-16-25-49 2.json,"price=0, is_available_on_site=false"
merged_duplicate_reference,8048,PHOTO-2026-06-08-16-25-49 4.json | PHOTO-2026-06-08-16-49-23 5.json,"3 lignes; prix=['185.0', '450.0']; images=2"
merged_duplicate_reference,flower 1,PHOTO-2026-06-08-16-25-50 2.json | PHOTO-2026-06-08-16-25-50 3.json | PHOTO-2026-06-08-16-25-50 4.json | PHOTO-2026-06-08-16-25-53 3.json | PHOTO-2026-06-08-16-25-53 4.json | PHOTO-2026-06-08-16-25-53 5.json | PHOTO-2026-06-08-16-25-53 6.json | PHOTO-2026-06-08-16-25-53 7.json,8 lignes; prix=['790.0']; images=0
merged_duplicate_reference,Flower 3,PHOTO-2026-06-08-16-25-51 2.json | PHOTO-2026-06-08-16-25-51.json | PHOTO-2026-06-08-16-25-54 2.json | PHOTO-2026-06-08-16-25-54 3.json | PHOTO-2026-06-08-16-25-54 4.json | PHOTO-2026-06-08-16-25-54 5.json | PHOTO-2026-06-08-16-25-54 6.json | PHOTO-2026-06-08-16-25-54.json,8 lignes; prix=['790.0']; images=0
merged_duplicate_reference,flower 2,PHOTO-2026-06-08-16-25-51 3.json | PHOTO-2026-06-08-16-25-51 4.json | PHOTO-2026-06-08-16-25-51 5.json | PHOTO-2026-06-08-16-25-52 2.json | PHOTO-2026-06-08-16-25-52 3.json | PHOTO-2026-06-08-16-25-52.json | PHOTO-2026-06-08-16-25-53 2.json | PHOTO-2026-06-08-16-25-53.json,8 lignes; prix=['790.0']; images=6
missing_price_imported_inactive,2724/2-1-2,PHOTO-2026-06-08-16-25-55 2.json,"price=0, is_available_on_site=false"
merged_duplicate_reference,2794/2-1-2,PHOTO-2026-06-08-16-32-52 2.json | PHOTO-2026-06-08-16-32-52.json,2 lignes; prix=['240.0']; images=3
merged_duplicate_reference,2935,PHOTO-2026-06-08-16-32-53 2.json,3 lignes; prix=['450.0']; images=1
merged_duplicate_reference,2933/2-1-2,PHOTO-2026-06-08-16-32-53 3.json | PHOTO-2026-06-08-16-32-54 2.json | PHOTO-2026-06-08-16-32-54.json,5 lignes; prix=['185.0']; images=3
missing_price_imported_inactive,2938/3-1-2-3,PHOTO-2026-06-08-16-32-53.json,"price=0, is_available_on_site=false"
merged_duplicate_reference,2931/2-1-2,PHOTO-2026-06-08-16-32-54 3.json | PHOTO-2026-06-08-16-32-54 4.json | PHOTO-2026-06-08-16-32-54 5.json,"3 lignes; prix=['158.0', '185.0']; images=0"
merged_duplicate_reference,2929/2-1-2,PHOTO-2026-06-08-16-32-55 2.json | PHOTO-2026-06-08-16-32-55 3.json,2 lignes; prix=['185.0']; images=0
merged_duplicate_reference,2929,PHOTO-2026-06-08-16-32-55.json,2 lignes; prix=['185.0']; images=3
merged_duplicate_reference,2787/2-1-2,PHOTO-2026-06-08-16-32-56 3.json,2 lignes; prix=['280.0']; images=1
merged_duplicate_reference,2780/3-1-2-3,PHOTO-2026-06-08-16-32-56 4.json,2 lignes; prix=['230.0']; images=1
merged_duplicate_reference,8097,PHOTO-2026-06-08-16-32-57.json,3 lignes; prix=['295.0']; images=1
merged_duplicate_reference,2822,PHOTO-2026-06-08-16-32-58 3.json | PHOTO-2026-06-08-16-33-05 2.json,2 lignes; prix=['220.0']; images=6
merged_duplicate_reference,2503,PHOTO-2026-06-08-16-32-59 2.json | PHOTO-2026-06-08-16-32-59 3.json,2 lignes; prix=['70.0']; images=2
merged_duplicate_reference,2499,PHOTO-2026-06-08-16-32-59 4.json | PHOTO-2026-06-08-16-33-00 2.json | PHOTO-2026-06-08-16-33-00.json,3 lignes; prix=['75.0']; images=4
merged_duplicate_reference,3472,PHOTO-2026-06-08-16-33-01 4.json,2 lignes; prix=['270.0']; images=1
merged_duplicate_reference,3473,PHOTO-2026-06-08-16-33-01 5.json,2 lignes; prix=['270.0']; images=1
merged_duplicate_reference,3467,PHOTO-2026-06-08-16-33-02 2.json | PHOTO-2026-06-08-16-33-02.json,2 lignes; prix=['280.0']; images=2
merged_duplicate_reference,3474,PHOTO-2026-06-08-16-33-02 4.json | PHOTO-2026-06-08-16-33-03 2.json | PHOTO-2026-06-08-16-33-03 3.json | PHOTO-2026-06-08-16-33-03.json,4 lignes; prix=['105.0']; images=4
merged_duplicate_reference,8077,PHOTO-2026-06-08-16-33-06 2.json | PHOTO-2026-06-08-16-33-13.json,2 lignes; prix=['120.0']; images=2
merged_duplicate_reference,2759/2-1-2,PHOTO-2026-06-08-16-33-06 3.json,2 lignes; prix=['120.0']; images=1
merged_duplicate_reference,2757/2-1-2,PHOTO-2026-06-08-16-33-06 4.json | PHOTO-2026-06-08-16-33-06 5.json,4 lignes; prix=['170.0']; images=1
merged_duplicate_reference,2754/3-1-2-3,PHOTO-2026-06-08-16-33-07.json,3 lignes; prix=['230.0']; images=1
merged_duplicate_reference,2628/2-1-2,PHOTO-2026-06-08-16-33-08 2.json | PHOTO-2026-06-08-16-33-08.json,2 lignes; prix=['130.0']; images=2
merged_duplicate_reference,2626/2-1-2,PHOTO-2026-06-08-16-33-08 3.json | PHOTO-2026-06-08-16-33-09.json,2 lignes; prix=['130.0']; images=1
merged_duplicate_reference,2624/2-1-2,PHOTO-2026-06-08-16-33-09 2.json | PHOTO-2026-06-08-16-33-09 4.json,2 lignes; prix=['230.0']; images=0
merged_duplicate_reference,7324/25,PHOTO-2026-06-08-16-33-09 7.json,2 lignes; prix=['135.0']; images=1
merged_duplicate_reference,8083,PHOTO-2026-06-08-16-33-10 2.json | PHOTO-2026-06-08-16-33-11 2.json | PHOTO-2026-06-08-16-33-11.json | PHOTO-2026-06-08-16-33-12.json | PHOTO-2026-06-08-16-46-51 2.json,"5 lignes; prix=['150.0', '550.0']; images=4"
merged_duplicate_reference,8082,PHOTO-2026-06-08-16-33-12 2.json | PHOTO-2026-06-08-16-33-12 4.json | PHOTO-2026-06-08-16-33-12 5.json,3 lignes; prix=['150.0']; images=3
missing_price_imported_inactive,8052,PHOTO-2026-06-08-16-33-12 3.json,"price=0, is_available_on_site=false"
merged_duplicate_reference,8060,PHOTO-2026-06-08-16-33-13 2.json | PHOTO-2026-06-08-16-33-13 3.json | PHOTO-2026-06-08-16-33-13 4.json,3 lignes; prix=[]; images=3
missing_price_imported_inactive,8060,PHOTO-2026-06-08-16-33-13 2.json | PHOTO-2026-06-08-16-33-13 3.json | PHOTO-2026-06-08-16-33-13 4.json,"price=0, is_available_on_site=false"
missing_price_imported_inactive,3073/74/75,PHOTO-2026-06-08-16-33-13 7.json,"price=0, is_available_on_site=false"
merged_duplicate_reference,2549/3-1,PHOTO-2026-06-08-16-40-35 2.json | PHOTO-2026-06-08-16-40-36.json | PHOTO-2026-06-08-16-40-40 2.json | PHOTO-2026-06-08-16-40-40.json,4 lignes; prix=['135.0']; images=0
merged_duplicate_reference,2549/3-2,PHOTO-2026-06-08-16-40-35 2.json | PHOTO-2026-06-08-16-40-36.json | PHOTO-2026-06-08-16-40-40 2.json | PHOTO-2026-06-08-16-40-40.json,4 lignes; prix=['165.0']; images=0
merged_duplicate_reference,2549/3-3,PHOTO-2026-06-08-16-40-35 2.json | PHOTO-2026-06-08-16-40-36.json | PHOTO-2026-06-08-16-40-40 2.json | PHOTO-2026-06-08-16-40-40.json,4 lignes; prix=['195.0']; images=0
merged_duplicate_reference,2802/03,PHOTO-2026-06-08-16-40-35 3.json,2 lignes; prix=['210.0']; images=1
merged_duplicate_reference,2777,PHOTO-2026-06-08-16-40-35 4.json | PHOTO-2026-06-08-16-41-20.json,"2 lignes; prix=['185.0', '220.0']; images=2"
merged_duplicate_reference,2765/66,PHOTO-2026-06-08-16-40-36 3.json | PHOTO-2026-06-08-16-40-36 4.json,"2 lignes; prix=['9.0', '90.0']; images=0"
merged_duplicate_reference,2780,PHOTO-2026-06-08-16-40-38 2.json | PHOTO-2026-06-08-16-40-38 3.json | PHOTO-2026-06-08-16-40-38 4.json,"3 lignes; prix=['32.0', '320.0']; images=3"
merged_duplicate_reference,2785,PHOTO-2026-06-08-16-40-38.json | PHOTO-2026-06-08-16-40-39 4.json,2 lignes; prix=['520.0']; images=2
merged_duplicate_reference,2786,PHOTO-2026-06-08-16-40-39 2.json | PHOTO-2026-06-08-16-40-39 3.json,2 lignes; prix=['350.0']; images=2
missing_price_imported_inactive,2569,PHOTO-2026-06-08-16-40-39 5.json,"price=0, is_available_on_site=false"
merged_duplicate_reference,2464,PHOTO-2026-06-08-16-40-39.json,2 lignes; prix=['220.0']; images=1
merged_duplicate_reference,2549,PHOTO-2026-06-08-16-40-40 3.json,"3 lignes; prix=['135.0', '165.0', '195.0']; images=5"
merged_duplicate_reference,2561,PHOTO-2026-06-08-16-40-42 2.json | PHOTO-2026-06-08-16-40-42 3.json | PHOTO-2026-06-08-16-40-42.json | PHOTO-2026-06-08-16-40-43 2.json | PHOTO-2026-06-08-16-40-43.json | PHOTO-2026-06-08-16-40-44 2.json,6 lignes; prix=['145.0']; images=6
merged_duplicate_reference,2562,PHOTO-2026-06-08-16-40-43 3.json | PHOTO-2026-06-08-16-40-43 4.json | PHOTO-2026-06-08-16-40-43 5.json | PHOTO-2026-06-08-16-40-44.json,4 lignes; prix=['145.0']; images=3
missing_price_imported_inactive,2594,PHOTO-2026-06-08-16-40-45 2.json,"price=0, is_available_on_site=false"
missing_price_imported_inactive,2593,PHOTO-2026-06-08-16-40-45 3.json,"price=0, is_available_on_site=false"
missing_price_imported_inactive,2458/3-1-2-3,PHOTO-2026-06-08-16-40-46 7.json,"price=0, is_available_on_site=false"
missing_price_imported_inactive,2455/1,PHOTO-2026-06-08-16-40-47 2.json,"price=0, is_available_on_site=false"
missing_price_imported_inactive,2455/2,PHOTO-2026-06-08-16-40-47 2.json,"price=0, is_available_on_site=false"
missing_price_imported_inactive,2455/3,PHOTO-2026-06-08-16-40-47 2.json,"price=0, is_available_on_site=false"
merged_duplicate_reference,2450,PHOTO-2026-06-08-16-40-47.json,2 lignes; prix=['210.0']; images=0
merged_duplicate_reference,7501,PHOTO-2026-06-08-16-40-48 2.json,2 lignes; prix=['50.0']; images=1
merged_duplicate_reference,3146,PHOTO-2026-06-08-16-40-49 2.json | PHOTO-2026-06-08-16-49-16 2.json,"2 lignes; prix=['110.0', '185.0']; images=2"
missing_price_imported_inactive,3250/51/52,PHOTO-2026-06-08-16-40-50.json,"price=0, is_available_on_site=false"
merged_duplicate_reference,3244/46,PHOTO-2026-06-08-16-40-51 2.json | PHOTO-2026-06-08-16-40-51 3.json,3 lignes; prix=['215.0']; images=2
merged_duplicate_reference,3242,PHOTO-2026-06-08-16-40-52.json,2 lignes; prix=['140.0']; images=1
merged_duplicate_reference,3123,PHOTO-2026-06-08-16-40-53 2.json | PHOTO-2026-06-08-16-40-53 3.json | PHOTO-2026-06-08-16-40-53 4.json | PHOTO-2026-06-08-16-40-53 5.json,4 lignes; prix=['280.0']; images=5
missing_price_imported_inactive,8133,PHOTO-2026-06-08-16-40-54 2.json,"price=0, is_available_on_site=false"
merged_duplicate_reference,8115,PHOTO-2026-06-08-16-40-54 3.json | PHOTO-2026-06-08-16-46-55.json,"2 lignes; prix=['320.0', '350.0']; images=2"
missing_price_imported_inactive,8157,PHOTO-2026-06-08-16-40-54 4.json,"price=0, is_available_on_site=false"
merged_duplicate_reference,8158,PHOTO-2026-06-08-16-40-54 4.json | PHOTO-2026-06-08-16-52-49 2.json | PHOTO-2026-06-08-16-52-49.json,3 lignes; prix=['95.0']; images=2
missing_price_imported_inactive,2572,PHOTO-2026-06-08-16-40-54 6.json,"price=0, is_available_on_site=false"
missing_price_imported_inactive,2884/2-1-2,PHOTO-2026-06-08-16-40-55 6.json,"price=0, is_available_on_site=false"
missing_price_imported_inactive,2882/2-1-2,PHOTO-2026-06-08-16-40-56.json,"price=0, is_available_on_site=false"
missing_price_imported_inactive,2880/2-1-2,PHOTO-2026-06-08-16-41-18 2.json,"price=0, is_available_on_site=false"
merged_duplicate_reference,2776,PHOTO-2026-06-08-16-41-20 2.json | PHOTO-2026-06-08-16-46-52 3.json,"2 lignes; prix=['370.0', '550.0']; images=2"
missing_price_imported_inactive,8085,PHOTO-2026-06-08-16-46-52.json,"price=0, is_available_on_site=false"
merged_duplicate_reference,2541,PHOTO-2026-06-08-16-46-53 3.json,2 lignes; prix=['650.0']; images=1
missing_price_imported_inactive,8116,PHOTO-2026-06-08-16-46-53 4.json,"price=0, is_available_on_site=false"
missing_price_imported_inactive,8110,PHOTO-2026-06-08-16-46-55 3.json,"price=0, is_available_on_site=false"
missing_price_imported_inactive,8109,PHOTO-2026-06-08-16-46-55 4.json,"price=0, is_available_on_site=false"
missing_price_imported_inactive,8107,PHOTO-2026-06-08-16-46-55 5.json,"price=0, is_available_on_site=false"
merged_duplicate_reference,8232,PHOTO-2026-06-08-16-46-56 5.json,2 lignes; prix=['850.0']; images=1
merged_duplicate_reference,8222,PHOTO-2026-06-08-16-46-56.json,2 lignes; prix=['680.0']; images=1
merged_duplicate_reference,2537,PHOTO-2026-06-08-16-46-58 2.json,2 lignes; prix=['450.0']; images=1
merged_duplicate_reference,8211,PHOTO-2026-06-08-16-46-58 3.json,2 lignes; prix=['780.0']; images=1
merged_duplicate_reference,9265,PHOTO-2026-06-08-16-46-59 3.json,6 lignes; prix=['650.0']; images=1
merged_duplicate_reference,3792,PHOTO-2026-06-08-16-46-59 5.json,2 lignes; prix=['680.0']; images=1
merged_duplicate_reference,8028,PHOTO-2026-06-08-16-47-00 2.json,"3 lignes; prix=['1350.0', '700.0', '980.0']; images=1"
missing_price_imported_inactive,077.,PHOTO-2026-06-08-16-47-03.json,"price=0, is_available_on_site=false"
missing_price_imported_inactive,rim 63,PHOTO-2026-06-08-16-47-04 2.json,"price=0, is_available_on_site=false"
merged_duplicate_reference,3346,PHOTO-2026-06-08-16-47-05 3.json | PHOTO-2026-06-08-16-47-05 4.json | PHOTO-2026-06-08-16-47-06 2.json | PHOTO-2026-06-08-16-47-06 3.json | PHOTO-2026-06-08-16-47-06 4.json | PHOTO-2026-06-08-16-47-06.json | PHOTO-2026-06-08-16-47-07 2.json | PHOTO-2026-06-08-16-47-07.json | PHOTO-2026-06-08-16-47-08.json,9 lignes; prix=['150.0']; images=9
merged_duplicate_reference,3348,PHOTO-2026-06-08-16-47-08 2.json | PHOTO-2026-06-08-16-47-08 3.json | PHOTO-2026-06-08-16-47-08 4.json | PHOTO-2026-06-08-16-47-08 5.json | PHOTO-2026-06-08-16-47-08 6.json | PHOTO-2026-06-08-16-47-08 7.json | PHOTO-2026-06-08-16-47-09 2.json | PHOTO-2026-06-08-16-47-09 3.json | PHOTO-2026-06-08-16-47-09 4.json | PHOTO-2026-06-08-16-47-09 5.json | PHOTO-2026-06-08-16-47-09 6.json | PHOTO-2026-06-08-16-47-09 7.json | PHOTO-2026-06-08-16-47-09.json,13 lignes; prix=['230.0']; images=14
merged_duplicate_reference,2713/14,PHOTO-2026-06-08-16-49-08 2.json,2 lignes; prix=['75.0']; images=1
merged_duplicate_reference,2736,PHOTO-2026-06-08-16-49-09 2.json,2 lignes; prix=['120.0']; images=1
missing_price_imported_inactive,3126,PHOTO-2026-06-08-16-49-15 4.json,"price=0, is_available_on_site=false"
missing_price_imported_inactive,3141,PHOTO-2026-06-08-16-49-18 2.json,"price=0, is_available_on_site=false"
missing_price_imported_inactive,3373,PHOTO-2026-06-08-16-49-23 6.json,"price=0, is_available_on_site=false"
missing_price_imported_inactive,3208,PHOTO-2026-06-08-16-49-24 2.json,"price=0, is_available_on_site=false"
missing_price_imported_inactive,3206,PHOTO-2026-06-08-16-49-24 7.json,"price=0, is_available_on_site=false"
merged_duplicate_reference,3181/82,PHOTO-2026-06-08-16-49-25 2.json | PHOTO-2026-06-08-16-49-25.json,2 lignes; prix=['75.0']; images=2
merged_duplicate_reference,8154,PHOTO-2026-06-08-16-52-50 2.json | PHOTO-2026-06-08-16-52-50 3.json,2 lignes; prix=['65.0']; images=2
merged_duplicate_reference,8155,PHOTO-2026-06-08-16-52-50 4.json | PHOTO-2026-06-08-16-52-50 5.json,2 lignes; prix=['65.0']; images=2
merged_duplicate_reference,8294,PHOTO-2026-06-08-16-52-50 6.json | PHOTO-2026-06-08-16-52-51.json,2 lignes; prix=['95.0']; images=0
missing_price_imported_inactive,8248,PHOTO-2026-06-08-16-52-52 7.json,"price=0, is_available_on_site=false"
merged_duplicate_reference,8167/2-1-2,PHOTO-2026-06-08-16-52-55 3.json | PHOTO-2026-06-08-16-52-55 4.json,2 lignes; prix=['220.0']; images=0
merged_duplicate_reference,8169/2-1-2,PHOTO-2026-06-08-16-52-55 5.json | PHOTO-2026-06-08-16-52-55 6.json,2 lignes; prix=['220.0']; images=0
merged_duplicate_reference,8173/2-1-2,PHOTO-2026-06-08-16-52-55 7.json | PHOTO-2026-06-08-16-52-56.json,2 lignes; prix=[]; images=0
missing_price_imported_inactive,8173/2-1-2,PHOTO-2026-06-08-16-52-55 7.json | PHOTO-2026-06-08-16-52-56.json,"price=0, is_available_on_site=false"
missing_price_imported_inactive,8254,PHOTO-2026-06-08-16-52-55.json,"price=0, is_available_on_site=false"
missing_price_imported_inactive,8191/2-1-2,PHOTO-2026-06-08-16-52-56 4.json,"price=0, is_available_on_site=false"
missing_price_imported_inactive,8197/2-1-2,PHOTO-2026-06-08-16-52-57 2.json,"price=0, is_available_on_site=false"
missing_price_imported_inactive,8281/2-1-2,PHOTO-2026-06-08-16-52-57 3.json,"price=0, is_available_on_site=false"
merged_duplicate_reference,8292,PHOTO-2026-06-08-16-52-57 8.json,2 lignes; prix=['280.0']; images=2
merged_duplicate_reference,8297/2-1-2,PHOTO-2026-06-08-16-52-58 2.json | PHOTO-2026-06-08-16-52-58 3.json,2 lignes; prix=['280.0']; images=0
merged_duplicate_reference,8178/2-1-2,PHOTO-2026-06-08-16-52-58 4.json | PHOTO-2026-06-08-16-52-58 5.json,2 lignes; prix=['190.0']; images=2
missing_price_imported_inactive,8285/2-1-2,PHOTO-2026-06-08-16-52-59 2.json,"price=0, is_available_on_site=false"
merged_duplicate_reference,8274/2-1,PHOTO-2026-06-08-16-52-59 3.json | PHOTO-2026-06-08-16-53-00.json,2 lignes; prix=['350.0']; images=0
merged_duplicate_reference,8274/2-2,PHOTO-2026-06-08-16-52-59 3.json | PHOTO-2026-06-08-16-53-00.json,4 lignes; prix=['680.0']; images=0
missing_price_imported_inactive,8283/2-1-2,PHOTO-2026-06-08-16-52-59.json,"price=0, is_available_on_site=false"
merged_duplicate_reference,8175/2-1-2,PHOTO-2026-06-08-16-53-01 2.json | PHOTO-2026-06-08-16-53-01.json,2 lignes; prix=['190.0']; images=2
merged_duplicate_reference,8165/2-1-2,PHOTO-2026-06-08-16-53-01 3.json | PHOTO-2026-06-08-16-53-01 4.json,2 lignes; prix=['220.0']; images=2
merged_duplicate_reference,8432/2-1-2,PHOTO-2026-06-08-16-53-03 3.json,2 lignes; prix=['350.0']; images=1
merged_duplicate_reference,8387,PHOTO-2026-06-08-16-53-04 4.json,3 lignes; prix=['240.0']; images=1
merged_duplicate_reference,8383,PHOTO-2026-06-08-16-53-04 5.json,2 lignes; prix=['190.0']; images=1
merged_duplicate_reference,8372/3-1-2-3,PHOTO-2026-06-08-16-53-04 7.json | PHOTO-2026-06-08-16-53-05 2.json,3 lignes; prix=['270.0']; images=2
merged_duplicate_reference,8144/2-1,PHOTO-2026-06-08-16-53-05 4.json,2 lignes; prix=['145.0']; images=1
missing_price_imported_inactive,8375/3-1-2-3,PHOTO-2026-06-08-16-53-05.json,"price=0, is_available_on_site=false"
merged_duplicate_reference,8076.,PHOTO-2026-06-08-16-55-30 2.json | PHOTO-2026-06-08-16-55-30.json,2 lignes; prix=['2800.0']; images=2
merged_duplicate_reference,8075,PHOTO-2026-06-08-16-55-30 3.json | PHOTO-2026-06-08-16-55-30 4.json,3 lignes; prix=['2500.0']; images=2
merged_duplicate_reference,SJ 1381,PHOTO-2026-06-08-16-55-31 2.json,2 lignes; prix=['4950.0']; images=1
merged_duplicate_reference,SC 151,PHOTO-2026-06-08-16-55-31 4.json,2 lignes; prix=['3200.0']; images=1
merged_duplicate_reference,SC 150,PHOTO-2026-06-08-16-55-31 5.json | PHOTO-2026-06-08-16-55-43 4.json,"2 lignes; prix=['2200.0', '3200.0']; images=2"
merged_duplicate_reference,SC 149,PHOTO-2026-06-08-16-55-31 6.json | PHOTO-2026-06-08-16-55-32.json,2 lignes; prix=['3200.0']; images=1
missing_price_imported_inactive,A 29.,PHOTO-2026-06-08-16-55-34.json,"price=0, is_available_on_site=false"
merged_duplicate_reference,CJ 1250.,PHOTO-2026-06-08-16-55-35 3.json | PHOTO-2026-06-08-16-55-39 3.json,3 lignes; prix=['2950.0']; images=2
missing_price_imported_inactive,A 2337,PHOTO-2026-06-08-16-55-40 7.json,"price=0, is_available_on_site=false"
missing_price_imported_inactive,C 919,PHOTO-2026-06-08-16-55-40.json,"price=0, is_available_on_site=false"
missing_price_imported_inactive,8191,PHOTO-2026-06-08-16-55-41 4.json,"price=0, is_available_on_site=false"
merged_duplicate_reference,8190,PHOTO-2026-06-08-16-55-41 5.json,3 lignes; prix=['650.0']; images=1
merged_duplicate_reference,92323,PHOTO-2026-06-08-16-55-41 6.json,2 lignes; prix=['1300.0']; images=1
missing_price_imported_inactive,A 001,PHOTO-2026-06-08-16-55-42 4.json,"price=0, is_available_on_site=false"
missing_price_imported_inactive,kd 022,PHOTO-2026-06-08-16-55-42 6.json,"price=0, is_available_on_site=false"
missing_price_imported_inactive,2377,PHOTO-2026-06-08-16-55-42.json,"price=0, is_available_on_site=false"
missing_price_imported_inactive,SS 016,PHOTO-2026-06-08-16-55-43 2.json,"price=0, is_available_on_site=false"
merged_duplicate_reference,A188,PHOTO-2026-06-08-16-55-43 5.json,2 lignes; prix=['3950.0']; images=1
missing_price_imported_inactive,118,PHOTO-2026-06-08-16-55-44 3.json,"price=0, is_available_on_site=false"
missing_price_imported_inactive,c 926,PHOTO-2026-06-08-16-55-44 7.json,"price=0, is_available_on_site=false"
merged_duplicate_reference,kd 242,PHOTO-2026-06-08-16-55-44.json,2 lignes; prix=['3200.0']; images=1
missing_price_imported_inactive,js 28 A,PHOTO-2026-06-08-16-55-45 3.json,"price=0, is_available_on_site=false"
merged_duplicate_reference,A 2339,PHOTO-2026-06-08-16-55-45 6.json,2 lignes; prix=['3450.0']; images=1
merged_duplicate_reference,rim005,PHOTO-2026-06-08-17-10-48 2.json | PHOTO-2026-06-08-17-10-48 3.json | PHOTO-2026-06-08-17-10-48 4.json | PHOTO-2026-06-08-17-10-49 2.json | PHOTO-2026-06-08-17-10-49.json,"5 lignes; prix=['14.8', '1480.0']; images=5"
merged_duplicate_reference,rim001,PHOTO-2026-06-08-17-10-48.json | PHOTO-2026-06-08-17-10-50 2.json | PHOTO-2026-06-08-17-10-50 3.json | PHOTO-2026-06-08-17-10-50 4.json | PHOTO-2026-06-08-17-10-51 2.json | PHOTO-2026-06-08-17-10-51 3.json | PHOTO-2026-06-08-17-10-51 4.json | PHOTO-2026-06-08-17-10-51.json,8 lignes; prix=['1200.0']; images=6
merged_duplicate_reference,rim003,PHOTO-2026-06-08-17-10-49 3.json | PHOTO-2026-06-08-17-10-49 4.json | PHOTO-2026-06-08-17-10-49 5.json | PHOTO-2026-06-08-17-10-49 6.json | PHOTO-2026-06-08-17-10-50.json,"5 lignes; prix=['14.8', '1480.0']; images=5"
merged_duplicate_reference,rim004,PHOTO-2026-06-08-17-10-51 5.json | PHOTO-2026-06-08-17-10-51 6.json | PHOTO-2026-06-08-17-10-51 7.json | PHOTO-2026-06-08-17-10-52 2.json | PHOTO-2026-06-08-17-10-52 3.json | PHOTO-2026-06-08-17-10-52.json,6 lignes; prix=['450.0']; images=6
merged_duplicate_reference,rim002,PHOTO-2026-06-08-17-10-52 4.json | PHOTO-2026-06-08-17-10-52 5.json,2 lignes; prix=['14.8']; images=2
