original_name,detected_extension,image_key,reason
077_.png,.png,077,aucune
09865_9R.  #1,.png,098659r,aucune
09865_9R.  #2,.png,098659r,aucune
09865_9R.  #3,.png,098659r,aucune
09865_9R.  #4,.png,098659r,aucune
118.png,.png,118,aucune
11813_1 bk. #1,.jpg,118131bk,aucune
11813_1 bk. #2,.jpg,118131bk,aucune
11813_1 bk. #3,.jpg,118131bk,aucune
11813_1 bk. #4,.jpg,118131bk,aucune
12209.    #1,.jpg,12209,aucune
12209.    #2,.jpg,12209,aucune
12209.    #3,.jpg,12209,aucune
12209.    #4,.jpg,12209,aucune
131.png,.png,131,aucune
1701.  #1,.jpg,1701,aucune
1701.  #2,.jpg,1701,aucune
1701.  #3,.jpg,1701,aucune
1701.  #4,.jpg,1701,aucune
171_90.jpg,.jpg,17190,aucune
173_.jpg,.jpg,173,aucune
1750.  #1,.jpg,1750,aucune
1750.  #2,.jpg,1750,aucune
1750.  #3,.jpg,1750,aucune
1750.  #4,.jpg,1750,aucune
1752.  #1,.jpg,1752,aucune
1752.  #2,.jpg,1752,aucune
1752.  #3,.jpg,1752,aucune
1752.  #4,.jpg,1752,aucune
175_90cm.jpg,.jpg,17590cm,aucune
2026 F   #1.png,.png,2026f,aucune
2026 F   #2.png,.png,2026f,aucune
2026 F   #3.png,.png,2026f,aucune
2026 F   #4.png,.png,2026f,aucune
2101_.png,.png,2101,aucune
2128_3-1-2-3.jpg,.jpg,21283123,aucune
21804.png,.png,21804,aucune
222.png,.png,222,aucune
2233_ grey and white. #1,.png,2233greyandwhite,aucune
2233_ grey and white. #2,.png,2233greyandwhite,aucune
2233_ grey and white. #3,.png,2233greyandwhite,aucune
2233_ grey and white. #4,.png,2233greyandwhite,aucune
2233_grey.   #1,.png,2233grey,aucune
2233_grey.   #2,.png,2233grey,aucune
2233_grey.   #3,.png,2233grey,aucune
2233_grey.   #4,.png,2233grey,aucune
2233_white.   #1,.png,2233white,aucune
2233_white.   #2,.png,2233white,aucune
2233_white.   #3,.png,2233white,aucune
2233_white.   #4,.png,2233white,aucune
2309.jpg,.jpg,2309,aucune
2310.png,.png,2310,aucune
2377.png,.png,2377,aucune
2408.png,.png,2408,aucune
2442.   #1,.jpg,2442,aucune
2442.   #2,.jpg,2442,aucune
2442.   #3,.jpg,2442,aucune
2442.   #4,.jpg,2442,aucune
2443.   #1,.jpg,2443,aucune
2443.   #2,.jpg,2443,aucune
2443.   #3,.jpg,2443,aucune
2443.   #4,.png,2443,aucune
2462 (purple).jpg,.jpg,2462purple,aucune
2462 (yellow).jpg,.jpg,2462yellow,aucune
2503 (black).png,.png,2503black,aucune
2503 (white).jpg,.jpg,2503white,aucune
25209.  #1,.jpg,25209,aucune
25209.  #2,.jpg,25209,aucune
25209.  #3,.jpg,25209,aucune
25209.  #4,.jpg,25209,aucune
2557.jpg,.jpg,2557,aucune
2569.png,.png,2569,aucune
2570.jpg,.jpg,2570,aucune
2572.jpg,.jpg,2572,aucune
2587.jpg,.jpg,2587,aucune
2593.jpg,.jpg,2593,aucune
2594.jpg,.jpg,2594,aucune
2595.jpg,.jpg,2595,aucune
2597_98_99.jpg,.jpg,25979899,aucune
2615_3-1-2-3.jpg,.jpg,26153123,aucune
2626_2-1-2 (white).jpg,.jpg,2626212white,aucune
2626_2-1-2.png,.png,2626212,aucune
2644.    #1,.png,2644,aucune
2644.    #2,.png,2644,aucune
2644.    #3,.png,2644,aucune
2644.    #4,.png,2644,aucune
2644.   #1,.jpg,2644,aucune
2644.   #2,.jpg,2644,aucune
2644.   #3,.jpg,2644,aucune
2644.   #4,.png,2644,aucune
2645.   #1,.png,2645,aucune
2645.   #2,.png,2645,aucune
2645.   #3,.png,2645,aucune
2645.   #4,.png,2645,aucune
2647.  #1,.jpg,2647,aucune
2647.  #2,.jpg,2647,aucune
2647.  #3,.jpg,2647,aucune
2647.  #4,.jpg,2647,aucune
2684.  #1,.jpg,2684,aucune
2684.  #2,.jpg,2684,aucune
2684.  #3,.jpg,2684,aucune
2684.  #4,.png,2684,aucune
2686.   #1,.jpg,2686,aucune
2686.   #2,.jpg,2686,aucune
2686.   #3,.jpg,2686,aucune
2686.   #4,.jpg,2686,aucune
2688.   #1,.jpg,2688,aucune
2688.   #2,.jpg,2688,aucune
2688.   #3,.jpg,2688,aucune
2688.   #4,.jpg,2688,aucune
269.jpg,.jpg,269,aucune
269_.png,.png,269,aucune
2701_02.jpg,.jpg,270102,aucune
2702_03.jpg,.jpg,270203,aucune
2707_08.jpg,.jpg,270708,aucune
2724_2-1-2.jpg,.jpg,2724212,aucune
2726_2-1-2.jpg,.jpg,2726212,aucune
2728_2-1-2.jpg,.jpg,2728212,aucune
2729.jpg,.jpg,2729,aucune
2733(1).jpg,.jpg,27331,aucune
2733.jpg,.jpg,2733,aucune
2734.png,.png,2734,aucune
2738.png,.png,2738,aucune
2739.png,.png,2739,aucune
2740.   #1,.jpg,2740,aucune
2741.  #1,.jpg,2741,aucune
2741.  #2,.jpg,2741,aucune
2741.  #3,.png,2741,aucune
2741.  #4,.jpg,2741,aucune
2742.jpg,.jpg,2742,aucune
2746.   #1,.jpg,2746,aucune
2746.   #2,.jpg,2746,aucune
2746.   #3,.jpg,2746,aucune
2746.   #4,.jpg,2746,aucune
2747 (white and black).png,.png,2747whiteandblack,aucune
2747.   #1,.png,2747,aucune
2747.   #2,.jpg,2747,aucune
2747.   #3,.png,2747,aucune
2747.   #4,.jpg,2747,aucune
2749.   #1,.png,2749,aucune
2749.jpg,.jpg,2749,aucune
2750.   #1,.png,2750,aucune
2750.   #2,.png,2750,aucune
2750.   #3,.png,2750,aucune
2750.   #4,.png,2750,aucune
2750.png,.png,2750,aucune
2754 (blue and green).jpg,.jpg,2754blueandgreen,aucune
2760_2-2.jpg,.jpg,276022,aucune
2765_66 (blue).jpg,.jpg,276566blue,aucune
2765_66 (yellow).jpg,.jpg,276566yellow,aucune
2777 (white).png,.png,2777white,aucune
2777.png,.png,2777,aucune
2780 (blue).png,.png,2780blue,aucune
2780 (green).png,.png,2780green,aucune
2780 (purple).png,.png,2780purple,aucune
2781.jpg,.jpg,2781,aucune
2792_2-1-2.jpg,.jpg,2792212,aucune
2797.png,.png,2797,aucune
2799.jpg,.jpg,2799,aucune
2800.jpg,.jpg,2800,aucune
2802.jpg,.jpg,2802,aucune
2804.jpg,.jpg,2804,aucune
2811.png,.png,2811,aucune
2813.jpg,.jpg,2813,aucune
2814.jpg,.jpg,2814,aucune
2815.jpg,.jpg,2815,aucune
2816.jpg,.jpg,2816,aucune
2817_3-1-2-3 (dark green).png,.png,28173123darkgreen,aucune
2817_3-1-2-3 (white).  #1,.png,28173123white,aucune
2817_3-1-2-3 (white).  #2,.png,28173123white,aucune
2817_3-1-2-3 (white).  #3,.png,28173123white,aucune
2817_3-1-2-3 (white).  #4,.png,28173123white,aucune
2817_3-1-2-3.  #1,.png,28173123,aucune
2817_3-1-2-3.  #2,.png,28173123,aucune
2817_3-1-2-3.  #3,.png,28173123,aucune
2817_3-1-2-3.  #4,.png,28173123,aucune
2820_2-1-2.   #1,.png,2820212,aucune
2820_2-1-2.   #2,.png,2820212,aucune
2820_2-1-2.   #3,.png,2820212,aucune
2820_2-1-2.   #4,.png,2820212,aucune
2829.jpg,.jpg,2829,aucune
2831_2-2.  #1,.jpg,283122,aucune
2831_2-2.  #2,.jpg,283122,aucune
2831_2-2.  #3,.jpg,283122,aucune
2831_2-2.  #4,.png,283122,aucune
2833_2-2.    #1,.jpg,283322,aucune
2833_2-2.    #2,.jpg,283322,aucune
2833_2-2.    #3,.jpg,283322,aucune
2833_2-2.    #4,.jpg,283322,aucune
2835.   #1,.jpg,2835,aucune
2835.   #2,.jpg,2835,aucune
2835.   #3,.jpg,2835,aucune
2835.   #4,.jpg,2835,aucune
2844.jpg,.jpg,2844,aucune
2845.jpg,.jpg,2845,aucune
2846.png,.png,2846,aucune
2847.png,.png,2847,aucune
2848.png,.png,2848,aucune
2858.   #1,.jpg,2858,aucune
2858.   #2,.jpg,2858,aucune
2858.   #3,.jpg,2858,aucune
2858.   #4,.jpg,2858,aucune
2863.   #1,.png,2863,aucune
2863.   #2,.png,2863,aucune
2863.   #3,.png,2863,aucune
2863.   #4,.png,2863,aucune
2864(1).   #1,.jpg,28641,aucune
2864(1).   #2,.jpg,28641,aucune
2864(1).   #3,.jpg,28641,aucune
2864(1).   #4,.jpg,28641,aucune
2864.   #1,.jpg,2864,aucune
2864.   #2,.jpg,2864,aucune
2864.   #3,.jpg,2864,aucune
2864.   #4,.jpg,2864,aucune
2865.   #1,.jpg,2865,aucune
2865.   #2,.jpg,2865,aucune
2865.   #3,.jpg,2865,aucune
2865.   #4,.jpg,2865,aucune
2866.    #1,.jpg,2866,aucune
2866.    #2,.jpg,2866,aucune
2866.    #3,.jpg,2866,aucune
2866.    #4,.jpg,2866,aucune
2866.   #1,.jpg,2866,aucune
2866.   #2,.jpg,2866,aucune
2866.   #3,.jpg,2866,aucune
2866.   #4,.jpg,2866,aucune
2868.   #1,.jpg,2868,aucune
2868.   #2,.jpg,2868,aucune
2868.   #3,.jpg,2868,aucune
2868.   #4,.jpg,2868,aucune
2868.jpg,.jpg,2868,aucune
2880_2-1-2.jpg,.jpg,2880212,aucune
2884_2-1-2.jpg,.jpg,2884212,aucune
2886_2-1-2.jpg,.jpg,2886212,aucune
2890_2-1-2.jpg,.jpg,2890212,aucune
2914.jpg,.jpg,2914,aucune
2924.jpg,.jpg,2924,aucune
2925.jpg,.jpg,2925,aucune
2941_3-1-2-3.jpg,.jpg,29413123,aucune
3023.jpg,.jpg,3023,aucune
3029.  #1,.png,3029,aucune
3029.  #2,.png,3029,aucune
3029.  #3,.png,3029,aucune
3029.  #4,.png,3029,aucune
3029_90x35.   #1,.png,302990x35,aucune
3029_90x35.   #2,.png,302990x35,aucune
3029_90x35.   #3,.png,302990x35,aucune
3029_90x35.   #4,.png,302990x35,aucune
3030.jpg,.jpg,3030,aucune
3073_74_75.png,.png,30737475,aucune
3076_77.jpg,.jpg,307677,aucune
3080.jpg,.jpg,3080,aucune
3085.jpg,.jpg,3085,aucune
3102_03_04 (dark green).jpg,.jpg,31020304darkgreen,aucune
3119_20_21.png,.png,31192021,aucune
3125.jpg,.jpg,3125,aucune
3126.jpg,.jpg,3126,aucune
3128.png,.png,3128,aucune
3130.png,.png,3130,aucune
3133.png,.png,3133,aucune
3135.png,.png,3135,aucune
3136.jpg,.jpg,3136,aucune
3138.jpg,.jpg,3138,aucune
3141.jpg,.jpg,3141,aucune
3143.jpg,.jpg,3143,aucune
3144.jpg,.jpg,3144,aucune
3147.jpg,.jpg,3147,aucune
3148.jpg,.jpg,3148,aucune
3150.jpg,.jpg,3150,aucune
3153.jpg,.jpg,3153,aucune
3159.jpg,.jpg,3159,aucune
3160.png,.png,3160,aucune
3161.jpg,.jpg,3161,aucune
3180.jpg,.jpg,3180,aucune
3202_03_04.jpg,.jpg,32020304,aucune
3206.jpg,.jpg,3206,aucune
3207.jpg,.jpg,3207,aucune
3208.jpg,.jpg,3208,aucune
3209.jpg,.jpg,3209,aucune
3237.jpg,.jpg,3237,aucune
3250_51_52.jpg,.jpg,32505152,aucune
3275.jpg,.jpg,3275,aucune
3286.jpg,.jpg,3286,aucune
3287.jpg,.jpg,3287,aucune
3290.jpg,.jpg,3290,aucune
3294_95.png,.png,329495,aucune
3373.jpg,.jpg,3373,aucune
3374.jpg,.jpg,3374,aucune
3415.   #1,.jpg,3415,aucune
3415.   #2,.jpg,3415,aucune
3415.   #3,.png,3415,aucune
3415.   #4,.png,3415,aucune
3417.   #1,.jpg,3417,aucune
3417.   #2,.jpg,3417,aucune
3417.   #3,.jpg,3417,aucune
3417.   #4,.jpg,3417,aucune
3418.    #1,.jpg,3418,aucune
3418.    #2,.jpg,3418,aucune
3418.    #3,.jpg,3418,aucune
3418.    #4,.jpg,3418,aucune
3431_32.jpg,.jpg,343132,aucune
3433_34.jpg,.jpg,343334,aucune
3439_40.jpg,.jpg,343940,aucune
3471.jpg,.jpg,3471,aucune
3730_31_32.png,.png,37303132,aucune
3751_52_53.jpg,.jpg,37515253,aucune
3780.jpg,.jpg,3780,aucune
3790_.png,.png,3790,aucune
380(1).  #1,.jpg,3801,aucune
380(1).  #2,.jpg,3801,aucune
380(1).  #3,.jpg,3801,aucune
380(1).  #4,.jpg,3801,aucune
380-rouge.   #1,.jpg,380rouge,aucune
380-rouge.   #2,.jpg,380rouge,aucune
380-rouge.   #3,.jpg,380rouge,aucune
380-rouge.   #4,.jpg,380rouge,aucune
380.  #1,.png,380,aucune
380.  #2,.jpg,380,aucune
380.  #3,.jpg,380,aucune
380.  #4,.jpg,380,aucune
3900.jpg,.jpg,3900,aucune
3901.png,.png,3901,aucune
3954_.png,.png,3954,aucune
4444.png,.png,4444,aucune
5021_50.  #1,.png,502150,aucune
5021_50.  #2,.png,502150,aucune
5021_50.  #3,.png,502150,aucune
5021_50.  #4,.png,502150,aucune
555.jpg,.jpg,555,aucune
5585.  #1,.jpg,5585,aucune
5585. #2,.jpg,5585,aucune
5585. #3,.jpg,5585,aucune
5585. #4,.jpg,5585,aucune
589 B.  #1,.png,589b,aucune
589 B.  #2,.png,589b,aucune
589 B.  #3,.png,589b,aucune
589 B.  #4,.png,589b,aucune
589 f.   #1,.png,589f,aucune
589 f.   #2,.png,589f,aucune
589 f.   #3,.png,589f,aucune
589 f.   #4,.png,589f,aucune
6100.png,.png,6100,aucune
7001.   #1,.png,7001,aucune
7001.   #2,.png,7001,aucune
7001.   #3,.png,7001,aucune
7001.   #4,.png,7001,aucune
7029.jpg,.jpg,7029,aucune
7317_18.jpg,.jpg,731718,aucune
7326.jpg,.jpg,7326,aucune
7415_16_17(1).jpg,.jpg,741516171,aucune
7415_16_17.jpg,.jpg,74151617,aucune
7427_28_29.jpg,.jpg,74272829,aucune
7432.jpg,.jpg,7432,aucune
7453.jpg,.jpg,7453,aucune
7461_62.jpg,.jpg,746162,aucune
7495.png,.png,7495,aucune
788 6 chaises.png,.png,7886chaises,aucune
8021.png,.png,8021,aucune
8042.png,.png,8042,aucune
8046.jpg,.jpg,8046,aucune
8052.jpg,.jpg,8052,aucune
8059_2-1-2.jpg,.jpg,8059212,aucune
8060 (black).png,.png,8060black,aucune
8060 (green).png,.png,8060green,aucune
8060 (white).png,.png,8060white,aucune
8071 (black).png,.png,8071black,aucune
8076. (Pink).png,.png,8076pink,aucune
8076. (Yellow).png,.png,8076yellow,aucune
8077(1).jpg,.jpg,80771,aucune
8077.jpg,.jpg,8077,aucune
8082 (green).png,.png,8082green,aucune
8082 (orange).jpg,.jpg,8082orange,aucune
8082 (white).jpg,.jpg,8082white,aucune
8083 (black).jpg,.jpg,8083black,aucune
8083 (green).jpg,.jpg,8083green,aucune
8083 (orange).png,.png,8083orange,aucune
8083.png,.png,8083,aucune
8085.png,.png,8085,aucune
8094_3-1-2-3.jpg,.jpg,80943123,aucune
8101.   #1,.jpg,8101,aucune
8101.   #2,.jpg,8101,aucune
8101.   #3,.jpg,8101,aucune
8101.   #4,.jpg,8101,aucune
8102.jpg,.jpg,8102,aucune
81025 #1.png,.png,81025,aucune
81025 #2.png,.png,81025,aucune
81025 #3.png,.png,81025,aucune
81025 #4.png,.png,81025,aucune
8103.   #1,.jpg,8103,aucune
8103.   #2,.jpg,8103,aucune
8103.   #3,.jpg,8103,aucune
8103.   #4,.jpg,8103,aucune
8105.jpg,.jpg,8105,aucune
8106.jpg,.jpg,8106,aucune
8107.png,.png,8107,aucune
8109.png,.png,8109,aucune
8110.png,.png,8110,aucune
8111.png,.png,8111,aucune
8112.png,.png,8112,aucune
8116.jpg,.jpg,8116,aucune
8120.jpg,.jpg,8120,aucune
8125.jpg,.jpg,8125,aucune
8131_3-1-2-3.jpg,.jpg,81313123,aucune
8133.jpg,.jpg,8133,aucune
8138 (pink).jpg,.jpg,8138pink,aucune
8138 (red).jpg,.jpg,8138red,aucune
8140.png,.png,8140,aucune
8142.png,.png,8142,aucune
8148.jpg,.jpg,8148,aucune
8154 (black).jpg,.jpg,8154black,aucune
8154 (white).jpg,.jpg,8154white,aucune
8155 (black).jpg,.jpg,8155black,aucune
8155 (white).jpg,.jpg,8155white,aucune
8157 et 8158.jpg,.jpg,8157et8158,aucune
8158 (black).jpg,.jpg,8158black,aucune
8158 (white).jpg,.jpg,8158white,aucune
8159 (white).jpg,.jpg,8159white,aucune
8160 (yellow).jpg,.jpg,8160yellow,aucune
8167_2-1-2 (white).jpg,.jpg,8167212white,aucune
8169_2-1-2 (black)(1).jpg,.jpg,8169212black1,aucune
8169_2-1-2 (black).jpg,.jpg,8169212black,aucune
8169_2-1-2 (white).jpg,.jpg,8169212white,aucune
8173_2-1-2 (black).jpg,.jpg,8173212black,aucune
8173_2-1-2 (white).jpg,.jpg,8173212white,aucune
8189_2-1-2.jpg,.jpg,8189212,aucune
8191.jpg,.jpg,8191,aucune
8191_2-1-2.jpg,.jpg,8191212,aucune
8192.jpg,.jpg,8192,aucune
8193.jpg,.jpg,8193,aucune
8193_2-1-2.jpg,.jpg,8193212,aucune
8195.jpg,.jpg,8195,aucune
8195_2-1-2.jpg,.jpg,8195212,aucune
8196.jpg,.jpg,8196,aucune
8197_2-1-2.jpg,.jpg,8197212,aucune
8426•.jpg,.jpg,8426,aucune
8428.jpg,.jpg,8428,aucune
8436.jpg,.jpg,8436,aucune
868 usb(1).   #2,.png,868usb1,aucune
868 usb(1).   #3,.png,868usb1,aucune
868 usb(1).   #4,.png,868usb1,aucune
868 usb.   #1,.png,868usb,aucune
868 usb.   #2,.png,868usb,aucune
868 usb.   #3,.png,868usb,aucune
868 usb.   #4,.png,868usb,aucune
868 usb_black  #1.png,.png,868usbblack,aucune
868_90.png,.png,86890,aucune
9010.  #1,.png,9010,aucune
9010.  #2,.jpg,9010,aucune
9010.  #3,.jpg,9010,aucune
9010.  #4,.jpg,9010,aucune
9115.  #1,.jpg,9115,aucune
9115.  #2,.jpg,9115,aucune
9115.  #3,.jpg,9115,aucune
9115.  #4,.jpg,9115,aucune
920.jpg,.jpg,920,aucune
952.png,.png,952,aucune
9830.  #1,.png,9830,aucune
9830.  #2,.png,9830,aucune
9830.  #3,.png,9830,aucune
9830.  #4,.png,9830,aucune
9831.   #1,.png,9831,aucune
9831.   #2,.png,9831,aucune
9831.   #3,.png,9831,aucune
9831.   #4,.png,9831,aucune
999.jpg,.jpg,999,aucune
A 001.jpg,.jpg,a001,aucune
A 23.png,.png,a23,aucune
A 28_.png,.png,a28,aucune
A 29_.jpg,.jpg,a29,aucune
A 30_.png,.png,a30,aucune
A 38.png,.png,a38,aucune
A264.   #1,.png,a264,aucune
A264.   #2,.png,a264,aucune
A264.   #3,.png,a264,aucune
A264.   #4,.png,a264,aucune
B 4004.  #1,.png,b4004,aucune
B 4004.  #2,.jpg,b4004,aucune
B 4004.  #3,.jpg,b4004,aucune
B 4004.  #4,.jpg,b4004,aucune
B 4024.   #1,.png,b4024,aucune
B 4024.   #2,.jpg,b4024,aucune
B 4024.   #3,.jpg,b4024,aucune
B 4024.   #4,.jpg,b4024,aucune
B 4026.  #1,.jpg,b4026,aucune
B 4026.  #2,.jpg,b4026,aucune
B 4026.  #3,.png,b4026,aucune
B 4026.  #4,.jpg,b4026,aucune
C 919.jpg,.jpg,c919,aucune
c 922 A.jpg,.jpg,c922a,aucune
c 926.png,.png,c926,aucune
C 932.png,.png,c932,aucune
C922.jpg,.jpg,c922,aucune
cj 1323.png,.png,cj1323,aucune
cj 1359.png,.png,cj1359,aucune
cost 005.png,.png,cost005,aucune
CT 232.png,.png,ct232,aucune
d 004.  #1,.jpg,d004,aucune
d 004.  #2,.jpg,d004,aucune
d 004.  #3,.jpg,d004,aucune
d 004.  #4,.jpg,d004,aucune
d 205.   #1,.png,d205,aucune
d 205.   #2,.jpg,d205,aucune
d 205.   #3,.jpg,d205,aucune
d 205.   #4,.jpg,d205,aucune
d 206.   #1,.jpg,d206,aucune
d 206.   #2,.png,d206,aucune
d 206.   #3,.jpg,d206,aucune
d 206.   #4,.jpg,d206,aucune
d 224.  #1,.jpg,d224,aucune
d 224.  #2,.jpg,d224,aucune
d 224.  #3,.jpg,d224,aucune
d 224.  #4,.jpg,d224,aucune
d 233. #1,.jpg,d233,aucune
d 233. #2,.jpg,d233,aucune
d 233. #3,.jpg,d233,aucune
d 233. #4,.jpg,d233,aucune
D 9696_6 bk.  #1,.png,d96966bk,aucune
D 9696_6 bk.  #2,.png,d96966bk,aucune
D 9696_6 bk.  #3,.png,d96966bk,aucune
D 9696_6 bk.  #4,.png,d96966bk,aucune
D 9696_6 GD.  #1,.jpg,d96966gd,aucune
D 9696_6 GD.  #2,.jpg,d96966gd,aucune
D 9696_6 GD.  #3,.jpg,d96966gd,aucune
D 9696_6 GD.  #4,.jpg,d96966gd,aucune
D 9710_3.    #1,.jpg,d97103,aucune
D 9710_3.    #2,.jpg,d97103,aucune
D 9710_3.    #3,.jpg,d97103,aucune
D 9710_3.    #4,.jpg,d97103,aucune
D 9795_10.   #1,.jpg,d979510,aucune
D 9795_10.   #2,.png,d979510,aucune
D 9795_10.   #3,.jpg,d979510,aucune
D 9795_10.   #4,.jpg,d979510,aucune
D 9901.    #1,.jpg,d9901,aucune
D 9901.    #2,.jpg,d9901,aucune
D 9901.    #3,.jpg,d9901,aucune
D 9901.    #4,.jpg,d9901,aucune
d 9901.   #1,.png,d9901,aucune
d 9901.   #2,.jpg,d9901,aucune
d 9901.   #3,.jpg,d9901,aucune
d 9901.   #4,.jpg,d9901,aucune
d006. #1,.png,d006,aucune
d006. #2,.png,d006,aucune
d006. #3,.jpg,d006,aucune
d006. #4,.jpg,d006,aucune
D9688.  #1,.jpg,d9688,aucune
D9688.  #2,.jpg,d9688,aucune
D9688.  #3,.jpg,d9688,aucune
D9688.  #4,.jpg,d9688,aucune
Flower 1 ( red).jpg,.jpg,flower1red,aucune
Flower 1 (green).jpg,.jpg,flower1green,aucune
Flower 1 (light blue).jpg,.jpg,flower1lightblue,aucune
flower 1 (transparent).jpg,.jpg,flower1transparent,aucune
flower 1 (white).jpg,.jpg,flower1white,aucune
flower 1.  (Blue).jpg,.jpg,flower1blue,aucune
flower 1. (Purple).jpg,.jpg,flower1purple,aucune
flower 1.(yellow).jpg,.jpg,flower1yellow,aucune
flower 2 (blue).jpg,.jpg,flower2blue,aucune
flower 2 (light blue ).jpg,.jpg,flower2lightblue,aucune
flower 2 (purple).jpg,.jpg,flower2purple,aucune
flower 2 (red).jpg,.jpg,flower2red,aucune
flower 2 (transparent ).jpg,.jpg,flower2transparent,aucune
flower 2 (yellow).jpg,.jpg,flower2yellow,aucune
flower 2.  (Green).jpg,.jpg,flower2green,aucune
Flower 3 ( red).jpg,.jpg,flower3red,aucune
Flower 3 (green).jpg,.jpg,flower3green,aucune
Flower 3 (light blue).jpg,.jpg,flower3lightblue,aucune
Flower 3 (purple)(1).jpg,.jpg,flower3purple1,aucune
Flower 3 (purple).jpg,.jpg,flower3purple,aucune
Flower 3 (transparent)_.jpg,.jpg,flower3transparent,aucune
flower 3 (yellow).jpg,.jpg,flower3yellow,aucune
flower 3.  (White).jpg,.jpg,flower3white,aucune
Flower 3. (Blue).jpg,.jpg,flower3blue,aucune
H 2017-1.png,.png,h20171,aucune
H 784.png,.png,h784,aucune
h788-1.png,.png,h7881,aucune
HX 410.png,.png,hx410,aucune
id 15.png,.png,id15,aucune
ID 21.png,.png,id21,aucune
ID-17.png,.png,id17,aucune
ID-18.png,.png,id18,aucune
IMG_2412.PNG,.jpg,img2412,aucune
JS 094_.png,.png,js094,aucune
JS 095_.png,.png,js095,aucune
js 28 A.png,.png,js28a,aucune
js 32 B.png,.png,js32b,aucune
kd 022.jpg,.jpg,kd022,aucune
kd 159.png,.png,kd159,aucune
kd 160.png,.png,kd160,aucune
kd 247.png,.png,kd247,aucune
L 002_6. #1,.png,l0026,aucune
L 002_6. #2,.jpg,l0026,aucune
L 002_6. #3,.jpg,l0026,aucune
L 002_6. #4,.jpg,l0026,aucune
L 2258_grey.   #1,.jpg,l2258grey,aucune
L 2258_grey.   #2,.png,l2258grey,aucune
L 2258_grey.   #3,.jpg,l2258grey,aucune
L 2258_grey.   #4,.jpg,l2258grey,aucune
L007_12.  #1,.png,l00712,aucune
L007_12.  #2,.jpg,l00712,aucune
L007_12.  #3,.jpg,l00712,aucune
L007_12.  #4,.jpg,l00712,aucune
L2258_white.    #1,.jpg,l2258white,aucune
L2258_white.    #2,.jpg,l2258white,aucune
L2258_white.    #3,.jpg,l2258white,aucune
L2258_white.    #4,.jpg,l2258white,aucune
LO19_6.  #1,.png,lo196,aucune
LO19_6.  #2,.png,lo196,aucune
LO19_6.  #3,.png,lo196,aucune
LO19_6.  #4,.png,lo196,aucune
LO21_5.  #1,.png,lo215,aucune
LO21_5.  #2,.png,lo215,aucune
LO21_5.  #3,.png,lo215,aucune
LO21_5.  #4,.png,lo215,aucune
LO28_6.  #1,.png,lo286,aucune
LO28_6.  #2,.jpg,lo286,aucune
LO28_6.  #3,.jpg,lo286,aucune
LO28_6.  #4,.jpg,lo286,aucune
Lustre 5969 #1.png,.png,lustre5969,aucune
Lustre 5969 #2.png,.png,lustre5969,aucune
Lustre 5969 #3.png,.png,lustre5969,aucune
Lustre 5969 #4.png,.png,lustre5969,aucune
MX 25-16 A.  #1,.jpg,mx2516a,aucune
MX 25-16 A.  #2,.jpg,mx2516a,aucune
MX 25-16 A.  #3,.jpg,mx2516a,aucune
MX 25-16 A.  #4,.jpg,mx2516a,aucune
MX 25-16.   #1,.jpg,mx2516,aucune
MX 25-16.   #2,.jpg,mx2516,aucune
MX 25-16.   #3,.jpg,mx2516,aucune
MX 25-16.   #4,.jpg,mx2516,aucune
MX 65_6.  #1,.jpg,mx656,aucune
MX 65_6.  #2,.png,mx656,aucune
MX 65_6.  #3,.png,mx656,aucune
MX 65_6.  #4,.jpg,mx656,aucune
P 8078_50.  #1,.jpg,p807850,aucune
P 8078_50.  #2,.jpg,p807850,aucune
P 8078_50.  #3,.jpg,p807850,aucune
P 8078_50.  #4,.jpg,p807850,aucune
P 8078_60.  #1,.png,p807860,aucune
P 8078_60.  #2,.png,p807860,aucune
P 8078_60.  #3,.png,p807860,aucune
P 8078_60.  #4,.png,p807860,aucune
P 8078_80.   #1,.png,p807880,aucune
P 8078_80.   #2,.jpg,p807880,aucune
P 8078_80.   #3,.jpg,p807880,aucune
P 8078_80.   #4,.jpg,p807880,aucune
ref 2329.jpg,.jpg,ref2329,aucune
ref 2672.png,.png,ref2672,aucune
rim 13.png,.png,rim13,aucune
rim 333.png,.png,rim333,aucune
rim 54.jpg,.jpg,rim54,aucune
Rim 55.jpg,.jpg,rim55,aucune
Rim 59.png,.png,rim59,aucune
rim 63.jpg,.jpg,rim63,aucune
rim002 (bège).jpg,.jpg,rim002bege,aucune
rim002 (transparent ).jpg,.jpg,rim002transparent,aucune
RL 9270 M.    #1,.png,rl9270m,aucune
RL 9270 M.    #2,.png,rl9270m,aucune
RL 9270 M.    #3,.png,rl9270m,aucune
RL 9270 M.    #4,.png,rl9270m,aucune
RT 9227_A.    #1,.jpg,rt9227a,aucune
RT 9227_A.    #2,.jpg,rt9227a,aucune
RT 9227_A.    #3,.jpg,rt9227a,aucune
RT 9227_A.    #4,.jpg,rt9227a,aucune
RT 9272-B.    #1,.jpg,rt9272b,aucune
RT 9272-B.    #2,.jpg,rt9272b,aucune
RT 9272-B.    #3,.jpg,rt9272b,aucune
RT 9272-B.    #4,.jpg,rt9272b,aucune
SC 11904.jpg,.jpg,sc11904,aucune
SC 126.png,.png,sc126,aucune
SC 149(1).png,.png,sc1491,aucune
SC 149.png,.png,sc149,aucune
SC 150.png,.png,sc150,aucune
SC 150_.png,.png,sc150,aucune
SR 1167_65   #1.png,.png,sr116765,aucune
SR 1167_65   #2.png,.png,sr116765,aucune
SR 1167_65   #3.png,.png,sr116765,aucune
SR 1167_65   #4.png,.png,sr116765,aucune
SR 4013_60 or SR 4013_80 #1.png,.png,sr401360orsr401380,aucune
SR 4013_60 or SR 4013_80 #2.png,.png,sr401360orsr401380,aucune
SR 4013_60 or SR 4013_80 #3.png,.png,sr401360orsr401380,aucune
SR 4013_60 or SR 4013_80 #4.png,.png,sr401360orsr401380,aucune
SS 016.png,.png,ss016,aucune
ST 045.png,.png,st045,aucune
T 2203_black   #1.png,.png,t2203black,aucune
T 2203_black   #2.png,.png,t2203black,aucune
T 2203_black  #3.png,.png,t2203black,aucune
T 2203_black  #4.png,.png,t2203black,aucune
T 2203_white.  #1,.png,t2203white,aucune
T 2203_white.  #2,.png,t2203white,aucune
T 2203_white.  #3,.png,t2203white,aucune
T 2203_white.  #4,.png,t2203white,aucune
T 2258_white.  #1,.png,t2258white,aucune
T 2258_white.  #2,.png,t2258white,aucune
T 2258_white.  #3,.png,t2258white,aucune
T 2258_white.  #4,.png,t2258white,aucune
T2258_black.   #1,.png,t2258black,aucune
T2258_black.   #2,.png,t2258black,aucune
T2258_black.   #3,.png,t2258black,aucune
T2258_black.   #4,.png,t2258black,aucune
Unknown.jpg,.jpg,unknown,aucune
Unknown_.png,.png,unknown,aucune
